"","newstitle","newspapername"
"1","서울경제","서울경제"
"2","세계일보","세계일보"
"3","뉴시스","뉴시스"
"4","연합뉴스","연합뉴스"
"5","머니투데이","머니투데이"
"6","조선일보","조선일보"
"7","연합뉴스","연합뉴스"
"8","연합뉴스","연합뉴스"
"9","뉴시스","뉴시스"
"10","서울신문","서울신문"
"11","뉴시스","뉴시스"
"12","스포츠조선","스포츠조선"
"13","뉴스1","뉴스1"
"14","연합뉴스","연합뉴스"
"15","뉴스1","뉴스1"
"16","연합뉴스","연합뉴스"
"17","뉴시스","뉴시스"
"18","한국일보","한국일보"
"19","아시아경제","아시아경제"
"20","연합뉴스","연합뉴스"
"21","스타투데이","스타투데이"
"22","뉴스1","뉴스1"
"23","오마이뉴스","오마이뉴스"
"24","연합뉴스","연합뉴스"
"25","뉴스1","뉴스1"
"26","연합뉴스","연합뉴스"
"27","서울신문","서울신문"
"28","연합뉴스","연합뉴스"
"29","서울신문","서울신문"
"30","지디넷코리아","지디넷코리아"
"31","뉴스1","뉴스1"
"32","베스트일레븐","베스트일레븐"
"33","스포츠경향","스포츠경향"
"34","중앙일보","중앙일보"
"35","뉴스1","뉴스1"
"36","중앙일보","중앙일보"
"37","연합뉴스","연합뉴스"
"38","뉴스엔","뉴스엔"
"39","뉴스1","뉴스1"
"40","KBS","KBS"
"41","연합뉴스","연합뉴스"
"42","마이데일리","마이데일리"
"43","일간스포츠","일간스포츠"
"44","한국일보","한국일보"
"45","이데일리","이데일리"
"46","중앙일보","중앙일보"
"47","뉴스1","뉴스1"
"48","뉴스1","뉴스1"
"49","뉴스1","뉴스1"
"50","엑스포츠뉴스","엑스포츠뉴스"
