"","comicName","comicSummary","comicGrade"
"1","그를 좋아한다","그는 누구일까","9.71"
"2","3구역 숲","코아의 특별함","9.49"
"3","우주의 수호천사","우주의 수호천사!","9.88"
"4","멜팅 포인트","","9.78"
"5","등교하는 근식이","목숨을 건 개근일기","9.89"
"6","슬픔을 먹는 남자","성장물,감성,판타지","9.92"
"7","미용사 : LOST HERO","전직용사현직미용사!","9.72"
"8","어느 남고생의 하루","말하는강아지와의일상","9.89"
"9","소녀가 여행하는 법 2 베트남 프렌즈 여행기","여행장려웹툰","9.86"
"10","당신의 한 순간","#심리#영혼#힐링","9.78"
"11","달콤한 비밀 연애","사내연애 후  일상","9.67"
"12","루이와 졸개들 R","나만알고싶은 양아치","9.79"
"13","시크릿가족","성교육웹툰!!","9.88"
"14","그날, 우리들의 여름.","격주 연재합니다.","9.85"
"15","네가 꿈꾸는 동안에","꿈으로 드러난 범죄","9.92"
"16","다시 돌아온","다시 돌아온","9.74"
"17","헌트","어디에 있는가","9.64"
"18","리프로듀싱","내가 여자 아이돌?","9.60"
"19","오! 덕후를 위하여","덕심충만, 취향존중!","9.89"
"20","나는 부활 마법을 가졌다","부활판타지","9.86"
"21","Twins Love Story (트윈스 러브 스토리)","쌍둥이의 사랑이야기","9.87"
"22","인더하우스","동거 로맨스","9.84"
"23","만가","란의 성장 판타지.","9.48"
"24","마법약사","포션장사하는 이야기","9.95"
"25","멋도모르는여자","일상부부툰","9.83"
"26","뚜바비앙","뚜바비앙","9.90"
"27","감각의 어빌러티","감각능력으로싸운다!","9.87"
"28","3번째 도막","개그 일상 이야기","9.88"
"29","소금물 방","오피스 블록버스터","9.86"
"30","정글짐 위에 올라","우리의 초딩 시절","9.91"
"31","불편해요, 선배님!","캠퍼스 로맨스","9.93"
"32","천상대전","천상대전","9.87"
"33","횡설수설 다이어리","40대 가장의 일상","9.33"
"34","테이커","17살의 킬러","9.84"
"35","나의 수상한 행성","소년 소녀와 소년","9.88"
"36","신비한 마녀 도감","유니콘덕후마녀의비밀","9.93"
"37","타챠노트","프리랜서일기","9.77"
"38","솔체","이루지못한시작의일기","9.61"
"39","행복을 찾다.","소녀의 행복은 현재 진행형?","9.86"
"40","빨간 고백","다시 돌아온 너에게","9.79"
"41","똥두","사춘기 소녀의 일상","9.70"
"42","불만있어?","실화119 웹툰","9.89"
"43","생기발랄 다이어리","대안학교 이야기","9.54"
"44","조금 수상한 연애시뮬레이션","빛나라☆진심의♥하트","9.84"
"45","안단테","트라우마극복로맨스","9.77"
"46","미세만화 주의보","저 세상 단편","9.67"
"47","봄이와","결혼도 처음 육아도 처음 초보부부의 육아분투기","9.63"
"48","오늘을 담다.","도시락 일상이야기","9.93"
"49","문지기","사라진 문지기","9.92"
"50","게으른 고양이의 soso한 카페이야기","카페운영일상툰","9.85"
"51","아틀레냐 (구)","구판","9.87"
"52","정령왕즈","정령왕들이 조잘조잘","9.87"
"53","오늘의 후기","매일 살아가는 후기","9.79"
"54","피노키오의 소녀","수상한 마을의 비밀","9.72"
"55","폭렬!! 극강초맹반","무협풍개그슈트액션","9.72"
"56","드림캡슐(Dream Capsule)","자유연재","9.89"
"57","그녀의 거리","그와 그녀의 거리","9.91"
"58","아이고아이고","삶과 죽음의 이야기","8.83"
"59","너의 여집합","네가 없는 세상","9.82"
"60","이상낙원","마법 학원 판타지","9.85"
"61","바닷속의 춘향","물고기도 사람인데","9.84"
"62","윈터하츠","연금술사들의 이야기","9.90"
"63","20&21세기남매","9살차남매일상툰!","9.57"
"64","오늘도 분홍했분홍","일상힐링툰","9.85"
"65","기행 공포단편집","공포만화 단편선","9.92"
"66","시간이 머문 집","수수께끼 판타지","9.94"
"67","애정이 필요해","불안장애 극복기","9.83"
"68","맛있는 남자","그 남자는 맛이난다","9.93"
"69","별정직 통신사","저승과 이승 외교부","9.71"
"70","세모와 동그라미","나보다외로운사람에게","9.86"
"71","왕과 그림자와 여자","자유연재입니다^^","9.79"
"72","BeYonD","꿈 여행기","9.83"
"73","엑소니클","퇴마사 소년만화","9.65"
"74","동글앤토실","18년 묵은 커플","9.88"
"75","50m","오십미터","9.54"
"76","몽글이","멍멍이가 학교가","9.74"
"77","오늘도 사랑하세요","인싸 큐피드 되기!","9.90"
"78","달란트","장애인의 초능력..","9.90"
"79","월국(月國)의 프락세이스","소년과 세계,스피릿","9.69"
"80","옆집에 그녀가 산다","옆집의 특별한그녀!","9.67"
"81","라면순대","30대의 웃긴 일상","9.73"
"82","스파이키 리스키","싱가폴 생활기","9.88"
"83","중독연구소","우리의 중독 이야기","9.58"
"84","PI(파이)","주라의 신화 이야기","9.75"
"85","하나(하루)","하나를 만났다.","9.74"
"86","스푸키 멜로디","악몽 동화 이야기","9.88"
"87","주작작 주주작","영짐승 배틀물","9.62"
"88","양지리정신병원","정신병원에 갇히다","9.29"
"89","여긴 어디","칭다오 일상툰","9.93"
"90","아틀레냐 비바체","중단","9.86"
"91","도원향","우주경찰서 도원향","9.89"
"92","매일 집밥 한그릇","셀프요리툰","9.89"
"93","나의 작은 여우별","소원의 여우별","9.93"
"94","그녀의 버킷리스트","죽기위해 이뤄가는","9.87"
"95","로어스쿨","액션 소년만화","9.89"
"96","나눠먹는 로맨스","음식&로맨스","9.72"
"97","혼자앤피스","인생은 혼자","9.79"
"98","함께 할 때까지","바카랑호두랑도마뱀","9.63"
"99","비김 어게인 IN한국 [캐나다에도 산다 시즌 2]","여여커플 일상툰","9.74"
"100","무지개다리 파수꾼","동물의 말이 들린다","9.74"
"101","다르디움","기계와 마법의 세계","9.87"
"102","안녕 외교국","SF 감성 판타지","9.54"
"103","마법사와 왕자님","로맨스 판타지","9.86"
"104","이웃집 기린씨!","개그힐링만화","9.91"
"105","SSAW","네 개의 계절","9.72"
"106","꼬맹이를 부탁해!","꼬맹이와의 일상!","9.92"
"107","사막화花","본격 식물 판타지","9.69"
"108","일요극장","아마도 일상 판타지","9.76"
"109","수상한 가족협정","우리가 누구게?","9.90"
"110","투마로홈","매일 다른곳?","9.18"
"111","부부사기단 늬우스","수요일 연재","9.82"
"112","요조신사 마초숙녀","힐링로맨스목요일연재","9.75"
"113","밀웜","밀웜같은 아이","9.59"
"114","씨름","씨름 뒤집기 한판!","9.01"
"115","앨리스를 위하여","새로운앨리스이야기","9.87"
"116","같이 꽃길 걸을까요?","군화곰신커플 일상툰","9.68"
"117","드래곤메이커","용키우는만화","9.90"
"118","인비트윈","판타지액션,자유연재","9.51"
"119","벽(로그아웃)","미스터리 SF 단편","9.82"
"120","숙천","단 한 번뿐인 생.","9.75"
"121","오묘한 가족","오묘한가족의 이야기","9.89"
"122","뼈의 시간","병원 미스테리호러","9.78"
"123","철수이야기","함께여서 난 좋았어","9.91"
"124","시나브로 너에게","환상세계가 펼쳐진다","9.66"
"125","비행소년","나의 첫 친구들","9.91"
"126","소울","코믹액션 더하기 환타지","8.95"
"127","Hello Death! [헬로데스]","세상엔신들이너무많아","9.84"
"128","꿈무덤","꿈 속의 이야기","9.84"
"129","날개의 기억","학원 로맨스 드라마","9.80"
"130","개남","한명쯤 키우고 싶은","9.92"
"131","흔하지 않은 로맨스 유형","청춘남녀 4컷만화","9.91"
"132","티레시아스","판타지 순정만화","9.86"
"133","고냥고냥","취준생 고냥이","9.91"
"134","빌리다이어트","개고생 다이어트","9.82"
"135","눈깔 소녀","어느날 갑자기","9.87"
"136","니하오복고","요리하는고양이 복고","9.89"
"137","여왕의 계절","시대극 판타지 웹툰","9.87"
"138","스윗칵테일","Self Made","9.38"
"139","재미개발","IT개발자들 이야기","9.80"
"140","백수세끼","백수의 삼시세끼","9.54"
"141","나비 이야기","식물이 무서워","9.90"
"142","개구리공주","학원판타지","9.89"
"143","파도의 색깔","판타지 성장 만화","9.90"
"144","윤덩까툰 시즌2","영국_일상_로맨스","9.71"
"145","DOOR","귀여운 다크판타지","9.86"
"146","에리스","남을 속여야 이긴다","9.37"
"147","용사·마왕·우주인","낙제 용사 이야기","9.90"
"148","결혼 교과 시간","학교에서배우는결혼","9.82"
"149","반연(絆緣)","토요일 저녁에만나요","9.90"
"150","회사원 채대리","회사원 만화","9.84"
"151","어글리 피플즈","못생긴남자의 이야기","8.88"
"152","나주금입니다(너에게만 보이는)","유령의 상냥한 위로","9.88"
"153","ㅎㅋ고모리","은둔형 외톨이인 모리의 성장일기","9.30"
"154","빅건맨","능력자 살인마","9.65"
"155","Jun과 나","실화에서 시작된 예대속 색있는 사람들의 색있는 이야기.","9.89"
"156","림딩동","캠퍼스 농구만화","9.74"
"157","츤데레","남정네 넷의 츤츤","9.87"
"158","뿌리네 이야기","매일 가족 명랑 만화","9.77"
"159","스타체이서","친구에게","9.87"
"160","사람사이","청춘들의 현실로맨스","9.55"
"161","누나 한입만화","4컷 일상 먹툰","9.90"
"162","공대생툰","공대생의 일상","9.78"
"163","환상여행","단편 모음집","9.90"
"164","용애어부가","용과 어부 사랑노래","9.93"
"165","디 언더사이즈드(THE UNDERSIZED)","고등학교농구부이야기","9.53"
"166","애쉬그레이","판타지","9.90"
"167","루텔","력家네","9.90"
"168","뫼비우스의 소설","오각관계 드라마","9.78"
"169","숲","사연을 그리는 만화","9.93"
"170","내 열정은 최고조!","한남자의 청춘속 열정적인 일상 에피소드","9.57"
"171","마이툰","두딸키우는 아재일상","9.67"
"172","사인검","액션활극 동양판타지","9.84"
"173","내 매력에 퐁당","내 매력에 퐁당!","9.68"
"174","우당탕탕 학교가자!","본격! 여고생툰","9.75"
"175","텃밭부 사건일지","명랑쾌활 살인추리극","9.87"
"176","헬로사이공","따뜻한 이야기들","9.88"
"177","뱀파이어클럽의 혈투","뱀파이어클럽의 혈투","8.82"
"178","날것","해묵은 그림 일기장","8.41"
"179","에밀리 이야기","어딘지 학교가 익숙하지 않은 에밀리의 학교적응 이야기","9.78"
"180","괜찮아, 고3이야","너와나의 리얼고3툰","9.91"
"181","불러줘 내 이름만","캠퍼스 로맨스","9.88"
"182","탑코너","고교 축구드라마","8.82"
"183","술타는청춘","청춘들의 개그 일상","9.70"
"184","갓도령스","꽃도령아이돌 로맨스","9.89"
"185","캐세랑세라","디스 이즈 러브!","9.92"
"186","식빵고양이 파운드캣","식빵을 닮은 고양이","9.92"
"187","후덜덜덜 남극전자","즐거운 회사생활","9.84"
"188","주근깨 가쵸","의도치 않은 모험","9.72"
"189","웃지않는 여자","뒤엉킨 과거","9.80"
"190","B와 당신","흡혈귀 여자친구","9.62"
"191","우리 집에 최애캐!","최애캐와 동거하자!","9.76"
"192","이과지옥","이과 발암만화","9.78"
"193","베이퍼 정키스","퓨처 느와르","9.31"
"194","상실의 계절","소프트 BL","9.72"
"195","라스오브이블","2차 세계대전 SF","9.57"
"196","압락사스","살인자 vs 사이비","9.69"
"197","도도도","도도의 이야기","9.81"
"198","살문 (殺門)","살인과 관상","9.68"
"199","우리에게 내일은","SF판타지 액션활극","9.54"
"200","빌린 몸","두근두근 순정만화","9.83"
"201","신선비","한 뱀신랑의 이야기","9.89"
"202","달무리의 밤","고려시대 사랑이야기","9.78"
"203","왕립 루브리카 종합학원","판타지학원물","9.91"
"204","울트라 바이올렛","공대생vs뱀파이어","9.83"
"205","광고감독의 발암일기","광고감독의 웃픈일상","9.73"
"206","숲속의 성","허기, 혹은 사랑","9.86"
"207","페카텀","신과 사제의 이야기","9.76"
"208","마녀가 잠든 사이에","마녀와 잔혹동화","9.86"
"209","비차의 캘리툰, 첫 단추","스무살, 첫 단추.","9.86"
"210","하필 너야?!","그녀와 그 고양이","9.76"
"211","노바","코지 미스테리 로판","9.89"
"212","은하!","정 식 연 재","9.88"
"213","전지적귀신시점","귀신만화.","9.89"
"214","플래닛자이언","월드와이드 SF극화","9.39"
"215","그래도 같이살자","고양이 일상툰","9.88"
"216","십장르","너 장르가 뭐야?","8.36"
"217","슬기는 슬기를 싫어해!","두소녀의 성장드라마","9.53"
"218","오늘은 꼭 고백할 거야!","두 남자의 고백공략","9.92"
"219","사귀자","웹툰작가와 귀신 팬","9.87"
"220","아더의왕국","왕국의 주인은?","9.89"
"221","(구) 여우야 여우야","여우와 친구들","9.76"
"222","1인칭 외국인 시점","프랑스 관찰일기","9.89"
"223","컬러풀 아이덴티티","패션디자인 학원물","9.64"
"224","젤리빈 하우스","신비의 보석 젤리빈,그리고 한 명의 마법사.","9.81"
"225","투애니스(20's)","레스토랑 드라마","9.53"
"226","잉여특공대","고딩-슈퍼히어로맨스","9.91"
"227","슈퍼캣","거대고양이 등장!!","9.61"
"228","킬링타임","과거를 죽여라","9.83"
"229","과한가족","조금 과한 그들","9.92"
"230","성장통 소나타","예체능 로맨스","9.89"
"231","라라의 조그만 작업실","미니어쳐만드는만화","9.79"
"232","모브","2097년 드라마","9.87"
"233","이오타","케이 아이가 만났다","9.24"
"234","너에게나를던진다","아재&고딩의 성장기","9.53"
"235","초인의시대","지구를 지키는 초인","9.61"
"236","악마의 레시피","악마와계약한파티시에","9.67"
"237","대작으로 가는 길","사신소년","9.87"
"238","물레","대학 공감청춘 만화","9.50"
"239","이웃집 유부녀","유부녀의 일상 기록","9.90"
"240","오늘의하루","친구들이야기","9.88"
"241","개인적인택시","음악이 흐르는 택시","9.93"
"242","먼데이블루스","프리랜서와 직장인.","8.76"
"243","카이코","국제 연애 로맨스","9.93"
"244","결혼 후, 보통의 삶","묘한 중독 짱매의 매일매일","9.91"
"245","지금만큼은","시공간초월로맨스","9.92"
"246","아싸가 알아버렸다","아싸탈출 도전기","9.48"
"247","판타지 여동생!","게임판타지","9.50"
"248","스물 다섯, 어디로 가야 하죠?","이젠 심지어 스물 여섯","9.87"
"249","오무라이스 프로젝트","다함께 오무라이스!","9.83"
"250","코스믹 코믹스","우주 만화","9.89"
"251","시선스틸러","관심받고싶은이야기","9.63"
"252","in",".","9.23"
"253","엑스텐","매주 토요일 연재","9.86"
"254","미르신화전기","인류의 파멸을 막아라","9.86"
"255","해바라기 하나","헤어디자이너 해꽃님","9.87"
"256","남동생과 누나","남매 일상","9.84"
"257","미스터 신데렐라","신데렐라가 남자라면","9.89"
"258","그 세계의 공주님","모험판타지","9.87"
"259","Bugs","이 곳은 모든 것이 빛으로 이뤄진 공간","9.66"
"260","OO마트에 놀러오세요.","마트 직원 하나씨","9.79"
"261","악취","악의 냄새","9.77"
"262","시월이툰","반려견 개그+공감툰","9.93"
"263","자유의 경계","감옥스릴러","9.86"
"264","도사님 도사님","사주 드라마","9.53"
"265","달콩달콩 일상","바카와 호두","9.83"
"266","달을 그리는 숲","판타지 사극","9.83"
"267","기코툰","그냥 다 죽자","8.08"
"268","악마소녀","악마소녀","9.65"
"269","新조선왕조실록","조선왕조인계자이야기","9.84"
"270","11me (열하나)","잘생긴 내가 11명","9.85"
"271","좋은날","학원로맨스","9.86"
"272","블랙옐로","완결은 팬카페에","9.01"
"273","치와와의 오후","알콩달콩 연애툰","9.90"
"274","사랑이올까요","과연 사랑이 올까요","9.59"
"275","가타부타타","이래저래 가타부타","9.86"
"276","즐거운생활","재주의 사회생활.","8.04"
"277","9등급 뒤집기","수능 대박 프로젝트","8.57"
"278","낭떠러지 밖으로 점프","뭔가 이상한 아파트","9.77"
"279","음대놈들","음대생들의 일상","9.91"
"280","나의 일본인 친구","일본에서의 인연","9.85"
"281","결혼생활 그림일기","스펙타클 결혼생활","9.91"
"282","이 또한 지나갈까?","제품 개발자 이야기","8.92"
"283","루커피쳐","PICTURE","9.92"
"284","^-^ (캐럿하이픈캐럿)","캐하캐","9.44"
"285","머리카락을 뽑으면","미스터리 학원추리물","9.80"
"286","나만 아는 사랑","짝사랑 로맨스","9.85"
"287","주말엔 보랏빛 향기","성우지망생의 주말","9.77"
"288","지켜라!여의주!","그녀의비밀을지켜줘!","9.71"
"289","합법해적 파르페","공주님은 해적.","9.94"
"290","사랑하는 제자들","나갈 수 없는 학교","9.84"
"291","결혼은 싫어","독신주의자에게 나타난 신랑감들","9.73"
"292","일단은 프리터 입니다.","프리터족 이야기.","9.79"
"293","메이커","뭐든지 만든다.","9.77"
"294","교환일기","왕따소녀의 교환일기","9.65"
"295","어디사세요?","맞춤형아파트프로젝트","9.88"
"296","시선이 교차하는 곳","과거와 미래를 보다","9.92"
"297","시선의차이","변화하는 고교생활","9.36"
"298","인생맛집","주관적인 맛집이야기","9.90"
"299","인어를 위한 수영교실","성장 로맨스","9.94"
"300","병","소년에서 군인으로","9.78"
"301","B텐더","술과 사람의 이야기","9.79"
"302","세이의 RPG","게임 판타지","9.73"
"303","그의 박물관엔 수상한 미라가 있다.","고고학 로맨스","9.89"
"304","찌질라이프","찌질 라이프","9.37"
"305","버티고","버티고","9.71"
"306","불릿 6미리","에어소프트건서바이벌","9.72"
"307","용사를 물리쳐라!","용사를 물리쳐라!","9.90"
"308","나라면 절대 안그래","나라면 절대 안그래","9.50"
"309","가려진 대화","익명으로 보는 내면","9.88"
"310","예서중 유나!","예서중1학년 유나♡","9.37"
"311","힘내라 봉산댁!","촌에도 청춘은 있다!","9.90"
"312","고향집","아늑하고 편안해야할","9.83"
"313","신이 없는 세계","깨비깨비 도깨비","9.90"
"314","밤의 아이들은 누가 듣는가","다장르 단편 모음","9.92"
"315","요괴백정","요괴사냥 판타지","9.87"
"316","거미의 상자","일하는악마는 피곤해","9.90"
"317","뿅가이","간다 간다 뿅간다♡","9.85"
"318","우울의 바다","그깊은곳에대하여","9.42"
"319","밀지","독살사건의 음모","9.75"
"320","오마이갓","신을 뽑는 오디션","9.62"
"321","우민이와 팬티요정","미미는 팬티요정","9.14"
"322","오늘도 랄라","평범하진 않은 가족이야기","9.74"
"323","어느새스며든","삼각관계","9.65"
"324","모죠의 일지","유잼인생","9.89"
"325","헛헛하다","daily life","9.77"
"326","반","소년이여 성장하라!","9.84"
"327","달맞이꽃","동양판타지","9.86"
"328","말랑말랑 생활사","말랑말랑한 생활","9.72"
"329","하루한끼 감정일기","아기자기힐링 음식툰","9.84"
"330","강호열전","강호의 여러 인간상","9.92"
"331","멍멍이랑","멍멍","9.89"
"332","유포리아","댄싱 학원물","9.73"
"333","모솔탈출 일대기","모쏠 탈출 일대기!","9.65"
"334","루미인싸이드","청춘가족휴먼스토리","9.87"
"335","땅 보고 걷는 아이","가정폭력을 그린 만화","9.88"
"336","블래커","범죄예측시스템","9.76"
"337","왕자님을 찾아라!","왕자찾기 프로젝트","9.88"
"338","4년째 신혼일기","4년차부부의리얼일상","9.76"
"339","단편들","단편만화","9.91"
"340","러브 햄츄얼리","햄지 연애 성공기","9.71"
"341","미용사","전직용사 현직미용사","9.79"
"342","리베르","리베르","9.31"
"343","정불고교","정체불명 고등학교!","9.60"
"344","지독한악연","내 인생에서 꺼져","8.79"
"345","방안의 코끼리","친구충과 직진연하남","9.83"
"346","우주광부","죽음, 그리고 우주","9.71"
"347","짠이쨍아","엉뚱 발랄 가족툰","9.66"
"348","어린공주","코믹 동화 판타지","9.93"
"349","판타지를 기대하지마","수상한 사람이 왔다","9.84"
"350","악마의 성불사무소","악마와 소년","9.89"
"351","포갓(FOURGOD)","열심히 일하는 신","9.87"
"352","신과 인간","신과 인간의 이야기","9.89"
"353","취사병 전설이 되다","군대요리 판타지만화","9.91"
"354","오늘도 오셨네요","김직원입니다","9.26"
"355","버찌와 나","집사와 아기 고양이","9.91"
"356","반짝반짝 빛나는","반짝반짝빛나는","9.88"
"357","아이테르","현대 판타지","9.86"
"358","오늘은 영웅","한 사람만의 영웅","9.78"
"359","은규랑 누나랑","꽁냥꽁냥 러브스토리","9.83"
"360","인생막장","정식 연재 협의 중","9.25"
"361","셀리아의 어린 연인","판타지로맨스 코미디","9.85"
"362","랭커앤랭커","초능력학원물","9.81"
"363","블루랜드","색을 잃고 살아남다","9.90"
"364","체리블로섬","너를 만나고 싶어","9.89"
"365","무주의 맹시","삼신할미의 저주풀기","9.90"
"366","평범한 이계의 여고생","차원이동 여고생","9.91"
"367","만화유치원","만화가지망생 유치원가다","9.89"
"368","삶이 우리를 속일지라도","개그로맨스","9.92"
"369","별을지나","아이돌 탈출기!!","9.64"
"370","검은 가시","마녀들의 투쟁사","9.86"
"371","디드롭스 (D.drops)","당신이 꿈꾸는 잔혹동화","9.88"
"372","블러드 라이트","에피소드 판타지","9.54"
"373","한 지붕 아래","다섯 바보의 이야기","9.91"
"374","몬스터즈필드","소녀들의 미식축구!","8.98"
"375","호구와 싸가지","마지막 공지","9.89"
"376","스코칭 로맨스","화끈한 개그 로맨스","9.86"
"377","신","인간이 되어버린 신","9.69"
"378","#살인스타그램","SNS연쇄살인","9.68"
"379","러브라이터","러브코미디","9.87"
"380","신의 태궁","태궁과 도깨비","9.91"
"381","그남자 그남자의 사정","보통만화.","9.82"
"382","드라코런 :: Dracorun","드래곤 라이더","9.80"
"383","공감각자","5.5감 스릴러","9.73"
"384","도시소녀 귀농기","백수가족 단체귀농!","9.80"
"385","인절미","인기많은 절미씨","9.85"
"386","그림자가 길어지는 시간","25살,여대생","9.86"
"387","밤의 새벽","인육매매마을 소녀","9.84"
"388","데칼코마니","추적스릴러웹툰","9.66"
"389","수채화 다이어리","수채화로 전해드리는 공감 일상 툰 입니다:)","9.61"
"390","신 별주부전","새로운 토끼와 자라","9.91"
"391","꿈의 왕의 꿈","꿈의 왕이 누구야?","9.86"
"392","애니메이킹","애니메이션 만들기","9.61"
"393","악마법소녀","마법과 내뱉은 말","9.90"
"394","고3목마 회전인생","고3 타임루프","9.83"
"395","은근 짜릿해","이럴때 은근히 짜릿","9.84"
"396","학살던전마","학교에서 살아남기","7.65"
"397","거미덫","거미줄에 걸려버렸다","9.82"
"398","봉봉미엘 홍차클럽","홍차와 함께하는 일상 메르헨","9.91"
"399","미로의 정원","판타지","9.93"
"400","저승찾아 한서리","장기휴재","9.81"
"401","갓!김치","두유 노우 김치맨?","9.22"
"402","진주전","도깨비 판타지","9.87"
"403","데르탈리즘","원시인이 ★아이돌☆","9.57"
"404","문카니발","달과 밤 이중생활","9.57"
"405","나를 위한 봄","방송부 친구들","8.49"
"406","플랫다이어리","길고 말 많은 일상툰","9.90"
"407","같이 살아요!","결혼할수 있을까","9.93"
"408","여왕의자격","로맨스포츠","9.50"
"409","언메이크","에어 아포칼립스","9.25"
"410","어나더","판타지 로맨스","9.86"
"411","블러드문","비극이 낳은 희망","9.74"
"412","폐급 공무원","신종 폐급 공무원","9.53"
"413","아홉수 우리들","우리들 이야기","9.91"
"414","붉게 물들 홍","조선 춤꾼들 이야기","9.90"
"415","블캣다이어리","쇼핑몰!밴드!고양이 강아지 엄마! 테이의 소소한 일상툰!","9.73"
"416","삼십오미리(35mm)","자신의 시선을 찾아가는 이호경과 사진 동아리 ‘삼십오미리’ 이야기","9.85"
"417","여전히 일상","평범하지만 늘 다른","9.88"
"418","동거의 법칙","반세기세대차이룸메이트","9.88"
"419","양치기 소년","일요일 연재","9.78"
"420","좋은 꿈 꾸세요","스트레스 처치로맨스","9.92"
"421","콜맨","병맛흥신소","9.32"
"422","태양","new 클래식 웹툰","9.63"
"423","부고","부고訃告죽음 그 이면","9.85"
"424","다이아몬드 갓 수","액션/어드벤처","9.68"
"425","유치원 신드롬","공포의 유치원","9.60"
"426","러보얌♥","러보얌+행복한크리미","9.76"
"427","저승 화랑 이야기","이승과 같은 저승","9.91"
"428","메멘토모리","죽음을 기억하라!","9.92"
"429","크라이시스","이능력 판타지","9.79"
"430","히어로전우치","한국형 히어로!!","9.61"
"431","14년 만에 핀 해바라기","K-POP","9.72"
"432","그라티아","엑소시스트 판타지","9.55"
"433","이름을 빌려드립니다","我的名字","9.76"
"434","지나치게 달콤한","알바생과 아이돌의 지나치게 달콤한 이야기","9.89"
"435","브리즈","고교야구 성장스토리","8.87"
"436","쩜오라이프","1.5평 생활기","9.87"
"437","이상적인 관계","심쿵! 캠퍼스로맨스","9.89"
"438","아재소녀","시즌2 !!","9.72"
"439","나의 스위치메이트","여자가 된 남자","9.90"
"440","남자들이 나를 좋아해","내인생의 모든인연","9.72"
"441","아무래도 좋은","아무래도 좋은이야기","9.88"
"442","개천사","어느 날 화가 났다..","9.90"
"443","가라사대","기독교타파?개그만화","9.65"
"444","꿀벌과 아카시아","달콤녀 꿀벌남 찾기","9.77"
"445","샤카!","주짓수 성장 만화","9.04"
"446","레퀴에스","이세계식당 개그물","9.24"
"447","강한사랑","대학교 개그 로맨스","9.88"
"448","나라 구한 전생","나라를 구했습니다.","9.90"
"449","보통의 외톨이","다다 DADA","9.89"
"450","종이비행기를 날리면","첫사랑을 다시 만나러","9.83"
"451","극세사탐구생활","일상탐구개그만화","9.85"
"452","사랑비","누구나 하나쯤은 간직하고 있는 러브스토리에 관하여","9.14"
"453","짝사랑 기승전결","평범한 짝사랑이야기","9.80"
"454","스피너즈",".","9.58"
"455","GO!라니","(연재중지)","9.88"
"456","봉황의 원","철없는 주작 성장기","9.54"
"457","쿨내나는 연애","쏘쿨한 로맨스 웹툰","9.85"
"458","바리이야기","판타지","9.88"
"459","필","필의 이야기.","9.86"
"460","(구)신의 태궁",".","9.86"
"461","익숙한 땅콩들","소소한 청춘","9.84"
"462","색깔전쟁","색이 사라진 세상","9.83"
"463","디센트","동양판타지 학원물","9.70"
"464","마야","첩보 스릴러","9.69"
"465","빅맨","208cm거인의농구","5.72"
"466","우리! 지구를 떠나자!","지구미남 납치작전","9.68"
"467","덕후커플보고서","덕후 커플의 일상","9.88"
"468","엘리자벳 데일리","매일매일, 아슬아슬 with 엘리자베스","9.81"
"469","절교여행","절교여행 버라이어티","9.82"
"470","박하의 효능","비밀을 알아버렸다","9.67"
"471","일상난담","수욜 일욜 연재","9.27"
"472","투하프데빌","악마들의 코믹한 이야기","9.54"
"473","두세기","두세기 사이의 진실","9.75"
"474","성형술사","만지면 변한다!!","9.82"
"475","마루누리","고구려 왕자의 성장기","9.88"
"476","보라 (Look At Me)","학원 잔혹극","9.24"
"477","사물놀이 -부서진 악기-","한국형 판타지스릴러","9.91"
"478","지구와 사람과 동물","지구와 사람과 동물","9.88"
"479","용사님을 사랑한 힐러님","잔잔한 판타지","9.88"
"480","검은인간","변해가는 몸","9.90"
"481","모자장수 아가씨","모자장수 아가씨","9.75"
"482","산타공무원","강동구씨의 이야기","9.91"
"483","퍼머넌트옐로우","27살, 동화는없다","9.32"
"484","컬러커플:extra","컬러커플 외전!","9.83"
"485","제임스 널 저주해 그리고 사랑해","감성로맨스스릴러","9.66"
"486","신의 계약서","이세계 신의 이야기","9.63"
"487","날마다 끄적끄적","고요히 산다는 것","9.88"
"488","Tilly the spiky hands","뾰족뾰족 포크가족","9.88"
"489","공상과학스포대전","스포츠만화의 이단아","9.36"
"490","청부업자와 소년의 이야기","청부업자와 소년의 잔잔하고 슬픈 이야기","9.88"
"491","보람특기고등학교",".","9.88"
"492","미친 꽃은 답도 없다","자유연재","9.83"
"493","저주라는이름의축복","← 키안 (♂)","9.86"
"494","어쩌다 보니 용사가","용사가 허접 쩌리?","9.62"
"495","최강의 악마","될 수 있을까?","9.88"
"496","옴니버스 열애설","연시뮬을 만화로!","9.85"
"497","슬로우템포","본격 심령 로맨스","9.75"
"498","죽는날까지","가장 나쁜 영웅","9.89"
"499","현악 4중주 - 콰르텟","어떤악기의 레이져포","9.56"
"500","허니버니",".","9.90"
"501","방과후 베이스볼 클럽","드라마틱 베이스볼","9.69"
"502","디바이스","게임 폐인이 게임을 통해 성장하는 이야기","9.84"
"503","메리고라운드","개그 육아 일상","9.90"
"504","어쩌다 간호사","간호사 공감툰.","9.76"
"505","호가비","소녀와 호가비","9.85"
"506","라서드","모험 액션 판타지","9.77"
"507","사분의일","잇걸과패션테러리스트","9.87"
"508","재와 먼지의 시","어떤 장의사 이야기","9.81"
"509","헬58","지옥같은섬 58아일랜드 (속칭 헬58)","9.50"
"510","얘보단 일 잘하겠지의 '얘'","사회생활 꺼져","9.78"
"511","이 몸은 신이니라!","카이즈","9.61"
"512","킥오프","열혈 풋살 웹툰","9.73"
"513","그가 내가 되었다","도플갱어","9.73"
"514","지옥의 주인","귀신의 싸움.","9.25"
"515","나, 주태희","임신을 원하지 않아","9.69"
"516","슬프게도 이게 내 인생","사회초년생의 일상툰","9.85"
"517","낮게 날고있는 연","토요일 연재중","9.57"
"518","아무것도 모르지만","매주 토요일 연재","9.80"
"519","다이어트는 내일부터","사랑을 위해 남자가 다이어트 하는 만화","9.69"
"520","쓰레기 마일리지","매주 수요일밤 연재","9.65"
"521","겨울과 봄사이","극과 극인 그들사이","9.87"
"522","살인마들","살인마들이 만났다.","9.89"
"523","프로짝사랑러","감성로맨스인척","9.59"
"524","이시미이야기","이무기이야기","9.58"
"525","야수와 줄리엣","드라마로맨스판타지","9.89"
"526","어둠이 내게 오면","어둑서니와 소녀이야기","9.87"
"527","정스 스토리","정스의 제주 이야기","9.40"
"528","망령왕이","보스 몹 육성기","9.52"
"529","양푼비빔밥","남들과 비슷한 일상툰","9.79"
"530","소녀 연대기","중3소녀 학교성장물","9.71"
"531","고스트 월드","2% 어설픈 고스트들이 모여사는 고스트월드!","9.59"
"532","구남친톡","구남친과 로맨스","9.85"
"533","스트리트킹","일상농구만화입니다","6.38"
"534","카리스마","신의 축복 카리스마","9.90"
"535","모롱하게! 뜨개하게!","전국민 뜨개인 양성 프로젝트!","9.03"
"536","소녀와 동박새","소동을 피우다.","9.85"
"537","막역지우","삼총사","9.81"
"538","한글을 그리다.","한글로 그리는 그림","9.84"
"539","아내가 임신했다","결혼출산장려만화","9.88"
"540","수호령","문을 지키는 영혼들","9.90"
"541","너를 그리다","우리들의 사랑이야기","9.65"
"542","연고남","연애 고자 탈출기","9.67"
"543","마틴 : 그림 그리는 기사","중세풍 판타지드라마","9.91"
"544","박하 이야기","눈이보이지않는 소년","9.90"
"545","적절한 교환일기","약간 이상한 여행","9.85"
"546","게이트","게이트","9.76"
"547","백설:잔혹동화","백합 로맨스","9.87"
"548","큐레이터","유물 관리단","9.72"
"549","빌런즈","빌런들 이야기","9.89"
"550","공룡 러버즈","장거리 국제연애","9.56"
"551","내마음 하늘하늘","모쏠남의 짝사랑","9.68"
"552","B.O.B(best of the best)","3x3농구최강도전기","8.01"
"553","하늘의 가녘","괴물과 싸우는 인간","9.89"
"554","헬로도사","도사와 미아망자","9.84"
"555","캔버스","청춘 로맨스","9.84"
"556","나는 토끼를 키운다.","토끼 키우는 만화","9.89"
"557","뱀파이어 수난시대","뱀파이어 수난시대","9.75"
"558","AIR","붉은눈을 조심해.","9.89"
"559","양배추숲","자연감성 시골만화","9.90"
"560","단편만화","단편 이야기","9.28"
"561","피곤한 직장인 일기","하루 두 컷 일기","9.90"
"562","엑스프렌즈","이별 사연 에피소드","9.87"
"563","연애 못하는 여자","연애 못하는 여자들","9.82"
"564","심야알바","만화가의 맥주집 알바 이야기","9.85"
"565","미합중국 생존실태 보고서","미국 생존 버라이어티 일상툰","9.82"
"566","신들을 부탁해!","구슬로 인생치기","9.80"
"567","WINGS","날개를 가진 자들","9.81"
"568","하루끝에","20대","9.78"
"569","유사소년소녀","내가 유사능력자?!","9.88"
"570","클릭금지","클릭금지","9.76"
"571","오늘도 무사히","간호사가 들려주는 수술실 이야기","9.87"
"572","Home to Home","보건소방문간호사일기","9.86"
"573","데빌런","쩌리파티 도전기","9.76"
"574","하루의 천사","천사의 인간실습 생활기","9.87"
"575","로베스의 완전감각","감정을 찾는 모험.","9.88"
"576","오늘 할래?","학교 E스포츠부","8.59"
"577","그남자의네일공간","후니가 알려주는 네일레시피","9.74"
"578","오늘은 비","완결 끝!","9.91"
"579","알바가 아니야!","본격 레스토랑 만화","8.38"
"580","이차원의 테라리움","영혼을 받았다","9.53"
"581","이길수 있어","청춘 농구만화.","9.46"
"582","나는 사람입니다.","좀비생존만화","9.87"
"583","Alone","[스릴러]","9.79"
"584","마킹!!","스트리트 바스켓볼","9.24"
"585","우리들만의 싸이커","프리스타일축구만화","7.90"
"586","바사무엘","판타지 드라마","9.90"
"587","서유기","손오공 이야기","9.85"
"588","아빠랑 춤출래?","담백육아만화!","9.87"
"589","제카y 제카툰","젴스러운 일상툰","9.81"
"590","뎐스러워","늘 배고픈 청년 뎐","9.52"
"591","벚꽃과 불꽃","다른 세계?","9.88"
"592","굿바이 나의 가디언","그들의 일상생활 판타지","9.64"
"593","대란(大亂) - 1부 갖춘 자와 갖추지 않은 자","1592년 임진년 음력 4월 13일. 건국 200년 만에 위기에 처한 조선을 2017년에","9.84"
"594","4월,벚꽃 우리들","벚꽃 흩날리던 4월의 어느 날, 우리들의 이야기","9.89"
"595","할짝 심리학","심리학 겉핥기","9.90"
"596","향기를 입다","남자의 변신은 무죄","9.34"
"597","인삼류","인삼류","9.47"
"598","U.S.P.O.","이능력자들 사는 이야기","9.38"
"599","마고령","판타지 무협활극.","9.85"
"600","배럴","본격 다트웹툰","9.50"
"601","혼밥, 혼술, 혼자 사는 이야기","혼밥, 혼술, 혼자 사는 이야기","9.90"
"602","새을비전","깨어나세요 도사여!","9.86"
"603","검은선","17살 선이의 나날","9.86"
"604","미래의너에게","미래를 보는 소녀의 로맨스","9.89"
"605","내 여동생은 귀여워","사이좋은 남매의 일상 이야기.","7.17"
"606","키치 꼬치","아니 그게 아니라","8.87"
"607","봉순이 일기","봉순의 평범한 일상","9.84"
"608","홍할홍할","★개그 힐링툰★","9.86"
"609","흑묘","검은 고양이 사냥꾼","9.73"
"610","초월! 집사소녀!!","액션배틀집사성장만화","9.54"
"611","오리씨와 이글군","오리 아빠와 독수리 아들의 일상","9.85"
"612","미즈라 태양의 성","쫄깃탄탄 환상서사극","9.91"
"613","내 남친은 이세계를 구한 용사님!?","용사여친의 대학생활","9.86"
"614","채소담","채지니의 일상툰","9.71"
"615","나의 작업실","웹툰작가가 꿈인 도민우(25) 그가 카페에서 하루종일 그림을 그리면서 생기는 일상 러브코미디","9.85"
"616","따뜻한 나의 코코","우리들을 위한 이야기","9.90"
"617","단짠남녀","굶지 말고 사랑하기","9.89"
"618","데일리 프랑스","프랑스 일기","9.90"
"619","마키시의 이웃들","와장창","9.86"
"620","토끼","토끼야 안녕.","9.74"
"621","주간도시기담","공포개그만화","9.38"
"622","저승탈출 넘버원","환생 안 합니다.","9.25"
"623","초식고등학교","초식동물 학교에 곰이 전학 온다면?","9.88"
"624","비너스","SF 대모험 활극","9.28"
"625","극한고딩","하드코어 스쿨라이프","9.89"
"626","루나샵에 어서오세요!","마법용품가게 루나샵","9.89"
"627","묘 (猫) 하게 이끌리는","고양이 저승 판타지","9.80"
"628","그 앨리스에게 판타지란 없다","이상한 동화 판타지","9.89"
"629","아케미아 아카데미","연금술사,학원물","9.91"
"630","그악나천","순정만화의 정석","9.52"
"631","가족같은회사","완결","9.86"
"632","신선 마트 중간계지점","얼렁뚱땅 세상나기","9.89"
"633","점핑오버","찌질하지 않아","9.70"
"634","고양이툰","적당히 꽃 같은 만화","8.69"
"635","체크메이트 더 게임","지상과지하,인간체스","9.57"
"636","우리들의 트로이메라이","리메이크 본 백업","9.88"
"637","DOLL","인형술사, 재봉사, 마녀.","9.90"
"638","24","원본, 도플갱어","9.36"
"639","오리의 호수","성장기 장편 드라마","9.39"
"640","나오의 결계","일상 판타지","9.73"
"641","열일곱","업뎃","9.57"
"642","히어로키-악의돼지삼형제 ReMake","악당, 히어로 되다","9.59"
"643","사가","영웅들의 이야기","9.62"
"644","Please kiss me, Princess","엘라와루이스의 모험","9.90"
"645","더블랙LABEL","여성느와르","9.90"
"646","나도 예쁘고 싶다","예뻐지고 싶다.","9.79"
"647","잘 부탁해, 얘들아","일상,개그물","9.90"
"648","참새는 새신부!","폭신달콤한 로맨스","9.80"
"649","호곡","조선의 왕 천군이 사라지고 3년 뒤... 한 소녀가 나타나다","9.02"
"650","세피아","#스파이 #액션 #능력물","9.85"
"651","마고","동화의 재구성.","9.89"
"652","최초의 다정","은하계 의료 판타지","9.82"
"653","너도 날 좋아해줬으면","사랑의 잔향","9.88"
"654","니친구 김저키","김저키의 험난한일상","9.72"
"655","누나가 돌아왔다!","농촌 로맨스","9.77"
"656","파리에서 살아남기","파리 일상툰","9.83"
"657","어쩌다 여고","여고 → 남녀공학","9.79"
"658","이매무당전","강한 힘을 가진 인간과 힘을 잃은 도깨비의 힐링드라마","9.91"
"659","신세기 단편 동화","감성 스토리","9.89"
"660","이계리턴즈","이계리턴즈","9.85"
"661","도시남녀제주라이프","도시커플 제주이주툰","9.67"
"662","잘가, 좋은 아침이야","소녀 돌아오다.","9.87"
"663","미친악마","선녀와 악마 환생!","9.84"
"664","개를 낳았다~만남부터 이별까지~","나는 개를 낳은 개엄마입니다.","9.89"
"665","피그말리온","Pygmalion","9.88"
"666","너는 내게","청춘 로맨스","9.89"
"667","새는 시간을 난다","환상을 보는 남자","9.89"
"668","인더섀도우","그림자 이동 초능력","9.89"
"669","지천명 단편집","어서오세요.","9.75"
"670","인수니즘 코믹스","세번째 삶","9.79"
"671","마도","중세 판타지","9.74"
"672","저주인형","판타지 일상 로맨스","9.89"
"673","숨은 연애 찾기","어디있니, 내사랑!","9.73"
"674","너에게까지 시속 100km","사랑에도 속도가 있다면 너에게까지 달려가는 내 속도는 100km야!","9.85"
"675","회색문: 괴담","괴담 만화","9.83"
"676","차원의 소녀","저주의12가지이름","9.89"
"677","니플헤임","지하,지상의 이야기","9.86"
"678","애니멀 다이어리","소심녀학생 성장로맨스","9.71"
"679","공략개시!!","현실공략게임","9.88"
"680","일기장","짝사랑","9.88"
"681","오늘도 냥냥냥♪","컴백냥♪","9.87"
"682","달콤포근 베이커리","맛있는 로맨스","9.82"
"683","드리머즈","드림워커들의 이야기","9.00"
"684","호랑이와 해님달님","<해님달님> 제2장","9.88"
"685","네가 내 천사라고?!","천사 맞아?","9.87"
"686","동물의 왕국","주인공의 파트너찾기","9.80"
"687","컬러풀","너의 감정이 보여","9.83"
"688","선수들","대한민국 선수들의 이야기","9.66"
"689","페이퍼","능력은 완성되어 가는것","9.81"
"690","502호의 묘책","냥이와일인족이야기","9.89"
"691","가비도령","가비와 도령의 모험","9.67"
"692","100%의 연인","보통의 연애","9.89"
"693","꾼대꾼","천상꾼이 되려는 꾼","9.85"
"694","날개 있는 천사 천씨청년","천사를 만나다","9.88"
"695","송곳니 가족","소설툰 (읽는만화)","9.38"
"696","컬러리스트","연극동아리","9.85"
"697","뷰티풀 맨","한 남자의 인생","9.79"
"698","상냥한 녀석들","캠퍼스 로맨스","9.79"
"699","괴신","모두 , 괴신이었다","9.86"
"700","Cafe OK","어떤 카페의 주인장, 명랑한 고양이 비비와 과묵한 매력을 지닌 늑대씨가 풀어가는 일상 이야기","9.88"
"701","저승길잡이","이승과 저승의 경계","9.90"
"702","희망사항","소녀의 일기장","9.86"
"703","그리고 아무 일도 없었다.","그녀석과 만난 이야기 학원개그로맨스","9.83"
"704","스펙터즈","근미래 이능력팀배틀","9.90"
"705","Save Me","자존심싸움","9.86"
"706","그냥 엄청난 판타지","뻔하지 않은 개그 판타지","9.83"
"707","보급형 콤플렉스","보급형 내 인생","9.90"
"708","신라의 달밤","솔직하고 당찬 신라 소녀 김만월!","9.89"
"709","우주인 미밍일기","귀염터지는힐링물♡","9.90"
"710","용사를 찾아서","용사를 찾아서","9.38"
"711","회장님","회장님의 첫사랑♥【시트콤같은 4컷개그】","9.61"
"712","카페레","십년치 일기","9.85"
"713","오늘부터 다이어트","오늘부터 다이어트","9.87"
"714","쿨쿨상담","쿨하지 않은 연애담","9.86"
"715","내 안에 깃든 너","최강의 귀신. 인간에게 깃들다.","9.91"
"716","너인 듯 네가 아닌","SF 순정만화","9.89"
"717","이상의세상","이상한 놈들의 동거","9.16"
"718","풍월주","스릴러","9.84"
"719","Animal Today (애니멀 투데이)","그냥 동물 개그만화","8.94"
"720","안녕,호두","호두의 소소한 일상툰!","9.90"
"721","러블리러브","사랑에 빠진 것을 아무에게도 말하지 않는","9.60"
"722","5kg을 위하여","5kg을 위하여!","9.89"
"723","우리 남매의 일상은","남매들의 화려한 일상.","9.88"
"724","이웃집 성녀님!","세계를 구한 용사와 성녀! 특별한 그들의 별볼일 없는 이야기!","9.54"
"725","가담가담","학원암살물","9.89"
"726","긁지 않은 복권","날씬 복권","9.89"
"727","잃어버린 시간을 드립니다","시간을 모으는 남자들 ::: 금요일연재","9.86"
"728","긁적긁적","가려울 때도, 겸연쩍을 때도, 심심할 때도 긁적긁적.","9.43"
"729","그래도 행성은 돈다","자전이랑 공전한다","9.27"
"730","윙","도사가 되어라! 모험 판타지","9.59"
"731","신화의 나라","신화를 잇는 이야기","9.78"
"732","오늘의 양송","양과 송 부부의 즐거운 나날들","9.81"
"733","계약우정","삼포세대 비긴즈","9.84"
"734","королева(퀸)","액션,느와르","9.82"
"735","인어의 연못","인어를 만나는 남자","9.90"
"736","PANDEMIC","모두의 이야기","9.83"
"737","재건! 마왕성","파괴된 마왕성을 재건하라!","9.87"
"738","INCURSION - 나락의 도시","[본격좀비건축만화]","9.76"
"739","하늘에 핀 동백꽃","변화와 변화의 이야기.","9.88"
"740","개포트","동물병원 이야기","9.88"
"741","별▶주부전","현대판 별주부전이 시작된다!","9.86"
"742","낭랑 18세","남자가 꼬인다?","9.86"
"743","뚱뚱이 탈출기","닭살순정만화","9.76"
"744","너를 위해","조금 특별한 사랑이야기.","9.89"
"745","식스틴",".","9.88"
"746","이제 오냥?","순살 크런키 치킨과 가족들의 이야기","9.84"
"747","생각하는 정이","일상을 그려나가요","9.86"
"748","다시 만나요","현실이 된 너","9.26"
"749","싱글리틀파파 다이어리","대학생 육아일기","9.88"
"750","동물 마누라","내 아내는 동물입니다.","9.77"
"751","연애를 못하는 남자","승우의 연애 성공기","9.85"
"752","무슨일이에요?","whats going on?","9.77"
"753","철없는 수의대생의 일상","공부 언제 하냐!!","9.89"
"754","한참연하","..","9.65"
"755","여름밤에 문을 두드린 산타","사람이 된 고양이와 개","9.88"
"756","뱀프 브라더스","뱀파이어와 인간사이","9.88"
"757","AMOR","뱀파이어","9.73"
"758","행복을 입혀 드립니다","행복을 만드는 옷쟁이","9.90"
"759","옆집에 신이산다","로맨스 판타지","9.72"
"760","고교생을 환불해 주세요","누가 내 인생 환불 좀!","9.90"
"761","오늘과 내일의 경계","괴물 몽마와의 사투","9.89"
"762","자살방지위원회","자살을 원하는 사람들 이야기","9.90"
"763","커먼 라이더스","로드사이클을 타는 평범한 사람들의 이야기","9.71"
"764","룽과크리스","자칭 중세배경의 의사와싸이코의 이야기.","9.87"
"765","안녕도깨비","우리 마을에 도깨비가 산다?","9.87"
"766","꿈조각꿈","꿈조각꿈","9.88"
"767","나루아씨전","동양판타지","9.86"
"768","꼬리","-","9.68"
"769","뱀블러프","- 씨가 말라간다.","9.75"
"770","남조선일기","똑같으면서도 완전히 다른 한반도, 윗동네 친구들의 남조선 표류기","9.73"
"771","Mega 디저트 4총사","모든 것은 디저트로 연결되나요?","9.65"
"772","우린 NPC다","NPC들의  개그판타지","9.68"
"773","소온치 이야기","소온치 이야기","9.66"
"774","FREEKICK","청춘 프리킥!","9.79"
"775","피플","액션 스릴러...","9.84"
"776","등선(登仙)","도사에서 신선되기","9.50"
"777","MY 0호 팬 (마이영호팬)","아이돌 순정","9.86"
"778","친해져요 금봉씨","시골마을에 괴물이?","9.84"
"779","요리GO",".","9.85"
"780","향기방기 연애일기","엉뚱발랄 연애일기","9.70"
"781","학용품 대전","학용품 배틀물","9.75"
"782","천상의 전령사","죽음을 통보하는 편지를 배달하는 이야기","9.49"
"783","바스티아 대륙이야기 -마왕의 대륙-","리얼중세판타지","9.42"
"784","노미를 잡아라","의문의 소녀 노미","9.63"
"785","무한의 팔라무트","왕들의 이야기","9.80"
"786","멋지다고 해줘!","남자시점 순정만화","9.49"
"787","루벤스와푸생","악연이라 생각하는 남자와 인연이라 생각하는 여자의 지독한 현실 속 사랑이야기.","9.27"
"788","뜨뜨미지근한","일상의 차갑거나 따뜻한 이야기","9.86"
"789","대디보이","열혈 본격 학원 육아물","9.73"
"790","나비리본","죽기 전의 스토리","9.78"
"791","도깨비 하우스","수상한 하숙집","9.83"
"792","그녀의 첫사랑","그녀, 첫사랑과 재회하다","9.50"
"793","기타등등의 연애","신데렐라가 아닌 평범한 우리의 연애 이야기.","9.69"
"794","가출천사 육성계약","Beyond HELL","9.90"
"795","뱀파이어 친구","뱀파이어인 친구와 뱀파이어의 친구","9.88"
"796","링거","저승사자가 된 소년","9.73"
"797","봄에 꽃 한송이","한송이의 성장이야기","9.90"
"798","주경야dog","낮에는 일하고 밤에는 우리 집 강아지를 탐구합니다.","9.85"
"799","업사이클 다이어리","버리면 애물단지 손대면 나만의 예술작품","9.71"
"800","방백남녀","남녀의 우정","9.31"
"801","백조의 호수","은둔형 외톨이 백수 로맨스만화.","9.80"
"802","브리스크 펄데이즈","화창한 가을의 나날","9.02"
"803","마녀는 그렇게 죽었다","우리가 모르던 마녀의 이야기","9.82"
"804","여대생 차오름의 천사","히키코모리 여대생 ""차오름"", 그녀의 눈 앞에 ""미야""라는 꼬마 천사가 태어난다.","9.89"
"805","카인의표적","악마의 표식을 얻은 자들의 싸움","9.85"
"806","춘향전설","조선시대 학원액션물","9.74"
"807","아이엠 헝그리","마법소녀 이야기","9.79"
"808","여대생의 정석","평범한 일상","9.87"
"809","홍차 리브레","홍차영의 서툴지만 설레이는 하루","9.89"
"810","벨벳 모멘트","역사성 판타지액션","9.32"
"811","도깨비를 키우는 방법","도둑과 도깨비","9.83"
"812","괴괴괴괴괴","괴기한 이야기들","9.79"
"813","협주곡","감성 스릴러","9.89"
"814","오늘 뭐 해먹지?","음식을 통해 인생을 들여다 보다.","9.85"
"815","도니월드","카툰초보 아저씨의 좌충우돌 일상기","8.21"
"816","1인용 기분","오늘, 우리의 기분","9.88"
"817","획","역동(力動)","9.86"
"818","검은소","요괴 마을","9.84"
"819","멋져! 김치가이","푸드맨들의 등장!","9.89"
"820","고양이별, 지구별","집사 공감 일상툰","9.80"
"821","이세계 용사랑 마왕 뭐 그런거 알잖아?","안 흔한 이세계물","9.88"
"822","옥상난간에 엄지발가락","게으른 청춘의 일상이야기","9.73"
"823","WaNDerer","그들","9.87"
"824","12HOUR monster","-괴물이  있었다.","9.84"
"825","난다고시원","가로 1.5m x 세로 2.2m 1평도 안 되는 고시원방  그 안에서 벌어지는 좌충우돌 코믹감동 드라마!","8.96"
"826","주먹꾹","고양고양한 이 친구들을 만나보세요","9.90"
"827","드래곤레이디","저의이름을 말해주세요.","9.72"
"828","AI폰 아리랑","AI폰 아리랑","9.89"
"829","평범한(?) 지구인들","일상툰","9.75"
"830","볼트(VOLT)","SF 액션 판타지","9.74"
"831","지오코소 가난뱅이","음악성장만화.","9.89"
"832","비공식 공동체","각각 다른 개성을 가진 그들의 모임 비공식 공동체 !","8.86"
"833","어글리후드","내가 외계인이니까","9.90"
"834","노곤하개","아주 노곤노곤하 개","9.88"
"835","내 낡은 서랍 속의 일기장","글/그림 - 정향준","9.87"
"836","홍시는 날 좋아해!","안녕하세요, 홍시예요!","9.89"
"837","힘을내요 노모파워","나이든 엄마의 육아일기","9.87"
"838","상그미상","일상툰!","9.88"
"839","푸므로 달려와","아빠와 딸","8.88"
"840","달기알","달걀 닮아서 달기알.","9.88"
"841","이별일기","사랑의 끝은","9.80"
"842","곤충전","판타지","9.87"
"843","북극곰자리","한 컷 동물 우화","9.72"
"844","슈넨베리아","쌍둥이 이야기","9.87"
"845","적막소녀","령을 보는 소녀","9.86"
"846","너를 들을 수 있는","조금 특별한 동거","9.83"
"847","좀비인간","국내에 퍼진 좀비 바이러스, 그 실체는?!","9.81"
"848","아기낳는만화","쉽지만은 않았던 임신 이야기","9.88"
"849","지옥으로부터의 나날들","커플지옥","9.43"
"850","크리스마스 이브 캔 킬 유","크리스마스날 저는 하루종일 코만 풀었습니다.","9.70"
"851","옆집여대생","순정웹툰","9.81"
"852","사랑의 모양","동물귀 좋아요","9.53"
"853","빅보이","거대해진 소년의 이야기","9.88"
"854","종말의 왕국","모든 것을 잃은 남자 ‘제임스’ 의 생존기","9.58"
"855","사냥꾼과 최형사","현대판 현상금사냥꾼","9.59"
"856","꾸숑의 폭식니즘","배고프진 않은데, 그냥 먹어~ 이런 분들.. 모두 손!!!","9.73"
"857","바람에 남긴 기억","마법의 세계","9.84"
"858","HAVE A NICE DAY","일상을 그린 이야기","9.78"
"859","송양 게스트 하우스","양 아가씨","9.75"
"860","론즈(Lons)",".","9.82"
"861","한라지강","이중소녀","9.89"
"862","이왕이면 감사","네컷만화","9.76"
"863","해결사","해결사를 하는 소년소녀의 일상물","9.88"
"864","사춘기소녀 커플즈","커플즈","9.81"
"865","사이어미즈","어새신 느와르","9.75"
"866","10월 28일","같은 하루가 반복된다.","9.89"
"867","나를 깨우러 온","꿈으로 사라져버린 사람들, 그들을 되찾아오는 사람들","9.90"
"868","3분의1","엄마의 암투병과 바라보는 가족들의 속마음","9.87"
"869","던전의 주인님","기다려왔던 이세계 환생! 쪼렙이라고 깔보지 마라, 인생은 실전이다!","9.88"
"870","외인","유령이 보이는 여고생과 흡혈귀의 일상","8.58"
"871","달콤쌉쌀,민트","첫사랑은 치약맛?","9.88"
"872","그대 곁으로,","+그대 곁으로,+","8.41"
"873","LSD","게임개발팀이야기","9.86"
"874","오늘, 뭐했어?","일상 에피소드","9.70"
"875","좀비와 함께 밥을!","배가고프다","9.89"
"876","겨울에 웃는 꽃","연기 만화 (feat. 천재/먼치킨)","9.86"
"877","나나의 교환학생이야기","터키로 떠난 나나!","9.88"
"878","엘프하프","엘프 에루의 이야기","9.85"
"879","BO고또'보'고","보토끼의소소한일상","9.03"
"880","서른 되면 뭐 달라질 줄 아냐?","서른 넘어도 달라지는 거 하나도 없다.","9.86"
"881","중고 팔레트","수상한 가게 이상한 물건","9.84"
"882","반짝반짝 왕자님","반짝반짝 빛나는 왕자님과 독특한 친구들의 고교생활 이야기","9.89"
"883","버블티","세 여대생들의 달콤하고 쫄깃쫄깃한 이야기 들어보실래요?","9.79"
"884","내가 황제를 만났을때","손발이 사라지는 마법","9.69"
"885","SAURUS","공룡 드라마","9.76"
"886","언데드의사 김해골","던전의 몬스터의사 김해골","9.90"
"887","옥탑빵","미용실 2층 옥탑빵 이야기","9.90"
"888","스페셜 게스트","순정시대","9.82"
"889","봄 비","학창시절 첫사랑","9.76"
"890","티안","모험 액션 판타지","9.86"
"891","옥탑방 갑남을녀","동거는 어려워","9.87"
"892","상상클럽","우리들의 상상이야기","9.86"
"893","사적인 거리","사적인 애들","9.86"
"894","돌아와 리즈!","리즈시절로 되돌리기!","9.77"
"895","나이베디야","소녀의 성장 판타지","9.85"
"896","우리집","성장 드라마","9.72"
"897","마음을 훔치는 여자","사람의 마음을 훔칠 수 있다면?","9.73"
"898","스프토랑","그냥 스프집이야기","9.77"
"899","오늘,응","꿈꾸는 프리랜서 응의 소소한 오늘.(자유연재)","9.77"
"900","돌팔이 작명소","이름 지어드립니다","9.57"
"901","골란기-시발섬의 식인종들-","[판타지] 천상 대전쟁","9.79"
"902","궁디팡팡 토로토로","고양이 일상툰","9.28"
"903","너란 꽃을 피워줘","순정 판타지","9.80"
"904","검의계승자","7개의 검과 그 검들이 존재하는 이유","9.88"
"905","그대 첫사랑","내 친구의 남자친구","9.87"
"906","LOVE FIVE!","체육과에서 펼쳐지는 좌충우돌 러브스토리","8.92"
"907","매구인게 어때서?!","판타지 러브코미디","9.84"
"908","오늘도 버섯전골","버섯인간들에 인간같은 일상 이야기","9.52"
"909","내손잡아줄사람","리메이크","9.83"
"910","걸어서 30분","매주 금요일 귀갓길 30분 동안의 학원 로맨스","9.90"
"911","오타쿠의 일상","오타쿠의일상","9.73"
"912","무쇠","삐뚤어진 <갑조선>아 기다려라. 무쇠가 간다.","9.78"
"913","전염소녀","행복은 전염된다.","9.86"
"914","바람을 실은 메아리","세상을 속인 스캔들","9.52"
"915","암흑도시","개그하는 조폭.","8.91"
"916","청춘고딩","이러쿵저러쿵","9.68"
"917","우리 오빠는 아이돌!","덕계못이라고?!","9.84"
"918","후크","후크의 혁명기","9.87"
"919","식물생활","초록초록한 일상 만나기","9.80"
"920","루턴 -past story-","10년간의 혁명 이야기.","9.85"
"921","그래일기","그래이야기","9.87"
"922","잘지내나요?","잘지내나요?","9.80"
"923","그림그리기 좋은날","만화같은 로맨스","9.89"
"924","바퀴!","에나멜, 링크, 쉐퍼드","9.57"
"925","은해갑을깝치","은해, 갑! 깝치, 을!","9.25"
"926","좋아하는부분","빠져드는 부분","9.87"
"927","붉은끈","귀신을 보는 두 남자 이야기","9.76"
"928","집사람","보통 집사람의 짧은 하루이야기","9.87"
"929","떠나가리","어디로든 떠나는 가리의 여행이야기!!","9.54"
"930","플라워","소년소녀들의 이야기.","9.67"
"931","간떨어지는 동거","구미호와 동거하기","9.87"
"932","연필의 각도","선생님과 제자","9.87"
"933","얀카툰","4컷 개그 판타지","8.85"
"934","원주민 공포만화","공포, 기가 막힌반전","9.84"
"935","지울 수 있을까?","과거로 인한 트라우마, 반복되는 꿈. 과연 지울 수 있을까?","9.90"
"936","롼든girl","철없는 서울 촌녀자의 세상사는 이야기","9.58"
"937","애니멀 팜!","반은 동물, 반은 인간.","9.87"
"938","어항속 꽃밭","어항속 꽃밭","9.85"
"939","발렌타인데이","남자는 모르지만 여자가되면 알수있을지도?!","9.69"
"940","헌댁이 되기전에","백수 부부와 길바닥 출신 고양이의 평범한(?) 일상툰","9.79"
"941","스쿱스","우주모험활극!","9.55"
"942","망상되감기","아이들은 성장한다.","9.91"
"943","고양이와 집사","조금은 특별한 반려동물 이야기.","9.74"
"944","꾸까는 엉망진창","꼬마마녀 의 일상","9.86"
"945","하아의 하루","강아지 일상툰!","9.86"
"946","너를 싫어하는 방법","이것 참 난감한 짝사랑","9.90"
"947","주부 1.5단","주부아닌 주부이야기","9.83"
"948","IDOL FAN","은둔형 외톨이인 성하는 KEZZ의 팬사인회에 가기 위해 집 밖으로 나오게 되는데..","9.56"
"949","그대라서","ich liebe dich","9.87"
"950","북극의 밤","어느 한 천재 소녀 작가가 겪게되는 10개월 동안의 비밀 이야기","9.56"
"951","데드위크 [Dead Week]","미드풍 액션 좀비물","9.79"
"952","언원티드","찐따↔전세계 재벌1위","9.88"
"953","찬란하지 않아도 괜찮아","찬란해야 할 것 같은 청춘, 하지만","9.79"
"954","사이클","포스트 아포칼립스","9.88"
"955","닥터관찰일지","좀비와 동고동락","9.86"
"956","봉쥬르보리","봉쥬르","9.36"
"957","스타더스트","우주구조대!버텨라!!2년!!","8.88"
"958","별의아씨","-","9.61"
"959","왕과 나","조선시대 학교생활","9.85"
"960","식욕 로맨스","먹잇감 여주와 본격인간먹방?남주","9.88"
"961","우리집에 놀러와!!","이상한 애들이다","9.85"
"962","불꽃에 휘날리다","최초의 소방 극화","9.84"
"963","아라비안 스위트","사막에서 벌어지는 순정 판타지","9.79"
"964","소시민","소심하고 잔망스러운 일상사","9.88"
"965","경계인","어둠에 속해있던 명준은 빛의 세상으로 들어갈 수 있을까.","9.59"
"966","달빛속에 그대가","조용한 시골 마을. 알비노 소녀. 평범한듯 평범하지 못한 삶.","9.87"
"967","여우들","작은 도둑들이 세상을 부순다. 여우들이라 불리는 도둑들의 이야기...","9.48"
"968","페툰 (People and People Toon)","판타지 연애툰","9.77"
"969","아가씨와 우렁총각","커리어우먼/살림남","9.88"
"970","푸른사막 아아루","순정판타지","9.89"
"971","격이 다른 남자","그 남자의 이야기.","9.88"
"972","연애학","나에게 필승법이 있어","9.29"
"973","요괴백정","리메이크","9.85"
"974","진지한 고교생!!","진지한 학생들의 학원 청춘 코미디","9.82"
"975","아무 마을 대잔치","아무 마을, 아무 생각, 아무 말","9.86"
"976","잊지 말아요","초능력 판타지 드라마","9.86"
"977","아머나이트","수인 / 판타지 액션","9.78"
"978","30일후","미래를 알게 된 남자 자신의 운명에 맞서다.","9.73"
"979","매일 참는 남자","남자라면 참고 살아야 할 것들이 너무 많다.. 그 중 가장 힘든 건...","9.64"
"980","기묘한 기담","오래된 주술과 금지된 것들에 대한 이야기...","9.87"
"981","과격자매단","자매들의 일상 캐기","9.89"
"982","끝과 시작","맴찢남 세정의 이야기","9.89"
"983","달리다굼","빛을 지닌 소녀","9.85"
"984","호됴됴됴","반려견 개그일상툰","9.89"
"985","정글라이프","절망과 희망사이","9.84"
"986","바람도 그릴 수 있다면","쿠바에서 사는 이야기","9.66"
"987","봉다리","동네농구 이야기","9.62"
"988","에이디","에이디","9.86"
"989","그루버","본격! RPG 만화!! 그루브를 아는 그루버들의 와일드한 어드벤쳐!!","9.15"
"990","초하루 밤의 달맞이꽃","할게요, 신.","9.79"
"991","무역의 왕","목요 업데이트!!","7.38"
"992","내일","죽음을 막는 저승사자들","9.89"
"993","트위너","전국민 농구 대회","9.84"
"994","살인방귀","코믹 웹툰","9.69"
"995","가가와 자반이","평범한 우리 가족","9.64"
"996","귀엽잖아","귀여운 만화","9.86"
"997","하엔","추리/판타지/SF","9.60"
"998","헤이노르딕","스물아홉, 북유럽 여행~","9.86"
"999","용사갑,마왕을","갑을 관계의 그들","9.88"
"1000","그냥조금불편할뿐인데","장애인의 꿈과 사랑","9.88"
"1001","쓰리스쿨즈","이 동네 실세는 누구?","9.90"
"1002","스페로 스페라","사신 판타지","9.88"
"1003","행쇼","짝사랑","9.77"
"1004","나른해 별곰","나른한 이야기","8.81"
"1005","천진난만 알바인생","카페 알바 생활툰","9.90"
"1006","페탈(쥬브나일스)","탄생 메르헨","9.85"
"1007","매일, 제일","도저히 어울릴 수 없는 우리가...?","9.90"
"1008","뱀이 앉은 자리","정식연재공지","9.74"
"1009","모드스톤 살인사건","모드스톤 살인사건의 전말","9.69"
"1010","사여자","5일 연재♡","9.83"
"1011","중매결혼","중매로 결혼하(려)는 이야기","9.46"
"1012","마왕이 되는 중2야","마왕이 되는 중2","9.88"
"1013","나이트메어","상큼하게 무섭다!","9.84"
"1014","헨젤","지옥을 거니는 천사.","9.61"
"1015","꽃이 피면 우리는","이로와는 이로와!","9.87"
"1016","혼자사는여자","혼자사는여자의일상","9.85"
"1017","언더페인팅","로맨틱 성장 드라마","9.89"
"1018","단역: 아무개","단역이 주인공인 만화","9.83"
"1019","정상이되고싶어","정상의 친구만들기","9.86"
"1020","도시유사 현세전","판타지는 없습니다.","9.34"
"1021","검은새","검은새 - 퇴마 에피소드 (화요일 주간연재)","9.80"
"1022","웅덩이","3웅3색 이야기","9.13"
"1023","고고픽션","신세계","9.78"
"1024","용사의 딸","평범하게 살던 하나의 평범하지 않은 학교 적응기","9.77"
"1025","하늘하늘하늘!","현실 로맨스 판타지!","9.76"
"1026","연두툰","그 때가 그리우신 가요? 2000년대 초반 초등학생 연두의 공감되는 일상 (매주 금요일 연재)","9.72"
"1027","이역","이역의 이야기.","9.86"
"1028","내가 안했어요","살인사건 추리극","9.83"
"1029","GIMS","왜인지 장르가 많다","9.88"
"1030","네모네모-in dosi","네모네모","9.82"
"1031","달콤쌉싸름해","순정단편옴니버스","9.88"
"1032","출근했습니다","출근해서 퇴근까지","9.90"
"1033","하나린 하나린","환생세계 판타지!","9.88"
"1034","귀전구담","귀신이 전하는 이야기","9.90"
"1035","헝그리 블러드","신세대 드라큘라 가족의 이야기","9.82"
"1036","굥이의 하루","굥이의 하루","9.66"
"1037","피카앤부","피카와 부의 동화같은 일상 엿보기^^","9.84"
"1038","포르고드(FORGOD)","푸른빛의 판타지 드라마","9.86"
"1039","소년사이코","사이코소년인 사이코의 일상","9.62"
"1040","도담도담","신비한 능력을 가진 가족의 이야기","9.88"
"1041","해프닝","투믹스 연재중","9.85"
"1042","카타스트로피","공지","9.73"
"1043","날지못하는악마","날못악","9.89"
"1044","검은피의 도시","EP.D","9.86"
"1045","이것도 친구라고","파란만장한 청춘 라이프","9.88"
"1046","화귀","사람들이 사라진다","9.86"
"1047","쌍둥이부부일기","쌍둥이처럼 똑닮은 부부의 알콩달콩 개그일기","9.87"
"1048","범인에 대하여","아름답지 못할망정 질척이는 로맨스","9.87"
"1049","지구를 움직이는 소년들","Boys Be Ambitious","9.80"
"1050","RUN","영웅이 없는 세상... 스스로를 구원하기 위한 소년의 하드보일드 복수극!!","9.79"
"1051","블루믹 (BlueMIC)","연재분업데이트","9.88"
"1052","갑자기판타지","판타지책속으로 들어가다","9.85"
"1053","눈치없는 내 친구!","캠퍼스 이야기","9.84"
"1054","요스토리/죽음.그물","오랜만이에요","9.72"
"1055","눈꽃","나의 반려묘가 사람이라니","9.84"
"1056","생산직 툰","생산직 업무를 하면서 느낀 재미난 에피소드를 4컷 만화로 담았습니다.","9.85"
"1057","뷰티풀 싱글 라이프","이 남자가 만족하고 사는법","9.89"
"1058","숨비","동성애자, 몽상가, 가출 청소년","9.82"
"1059","겨울밤","묘단과 아람의 이야기","9.85"
"1060","나고야","밤 낮이 다른 여고생 작가의 은밀한 복수와 스릴넘치는 성장기","9.58"
"1061","흐려지지만 선명하게","인연에 관한 세가지 이야기","9.68"
"1062","무쇠 후라이팬","무쇠팬 쓰는 남자!!","9.90"
"1063","반지하셋방","자매의 자취생활","9.89"
"1064","로보택틱스","AOS 게임 판타지","9.78"
"1065","털털하지만 괜찮아!","조금 털털해도 난 좋아.","9.23"
"1066","드리머","액션판타지","9.41"
"1067","퇴마부","와플, 우냐","9.81"
"1068","셀프피쉬","당신의 물고기는","9.87"
"1069","인연입니까?","우리도 인연일까.","9.70"
"1070","구세의 블레이딩","소년과 소녀의 이야기","9.70"
"1071","신의 프시키온","운명에 맞서는 형제의 이야기.","9.84"
"1072","느루느루하게","스펙타클 하루일기","9.79"
"1073","구라디우스","판타지라이프","9.69"
"1074","보스 인 스쿨","Boss In School","9.88"
"1075","지구인입니다","외계인들 사이로 납치된 지구인","9.88"
"1076","오늘도 형제는 평화롭다","돈독한 형제들","9.89"
"1077","하이퍼(HYPER)","히어로 서바이벌 오디션","9.46"
"1078","그림자 가족","가족의 그림자가 되어 살아가는 사람들의 상처를 다룬 이야기","9.90"
"1079","모아이 스토리","모아이와 친구들의 일상이야기","9.86"
"1080","김치걸 x 밀크티보이","한국여자+홍콩남자","9.86"
"1081","스피크업 히어로","판타지 액션 히어로.","9.55"
"1082","페더","무릉도원 판타지","9.86"
"1083","사신기","사신을 사랑한 인간","9.80"
"1084","우리집에 곰이 이사왔다","마법의 숲,테바의 최정예 요원 곰토토! 국가의 명령으로 인간 세상으로 파견되었다. 털북숭이계의 에이스, 곰토토의 파란만장한 인간세상 개고생 라이프!","9.89"
"1085","얼티미터","궁극에 선 자","9.90"
"1086","위기의 왕씨형제들","위왕이 돌아왔다!!","9.87"
"1087","천사에게는 날개가 없다","인간이 되어 버린 천사와 영혼을 잃어버린 소녀","9.87"
"1088","히어로망스","로망스작가의 모험","9.85"
"1089","꿀밤","허니 나이트.","9.86"
"1090","눈꽃의 심장","장르 파괴 액션물","9.74"
"1091","버기버그","곤충들의 마법소녀 버기!","9.86"
"1092","하제","신의 아이와의 기담","9.87"
"1093","랑앤마눌","부부의 에피소드","9.79"
"1094","위 아 애니멀스","동물이 되어","9.87"
"1095","아침식사 됩니다","반요들의 일상이야기","9.88"
"1096","본격 연애 이야기!","코믹 공감 연애물","9.74"
"1097","금지클럽","금단의사랑","9.72"
"1098","그녀는 나를 싫어해","하지만 나는 그녀를..","9.89"
"1099","라인리스 :: Lineless","Lineless","9.85"
"1100","유만즈","심장 없는 엑소시스트","9.85"
"1101","뷰티어스 인","오드아이(ODD EYE)","7.55"
"1102","괭씨의 나태한 세상","겨털로 감정표현","9.63"
"1103","기억들","기억을 읽는 남자와 기억을 숨기는 여자, 그리고 죽은 이들의 기억에 관한 이야기.","9.89"
"1104","소년의 신성","소년 무신을 만나다.","9.85"
"1105","글라디우스 프로젝트","헤레틱과 인간","9.88"
"1106","투명 매니큐어를 바르는 승무원","현직 승무원 로나의 사막비행일지","9.88"
"1107","숙이네 이야기","오독이들(다섯강아지), 빠다언니, 숙이가 함께 살며 겪어가는 즐거운 에피소드가 있는 곳","9.82"
"1108","칼로리메트리","로맨스 스릴러","9.75"
"1109","기생하는 심장","감정과 관계에 관한 이야기들","9.86"
"1110","너를 잃는 숲","숲에 들어가지 마렴, 소중한 걸 잃게 된단다."" 경고를 무시하고 들어선 숲에서 시엘은 의문의 소녀인 로사나를 만나게 되는데...","9.82"
"1111","일코선생","""인생이 덕질에 방해가 된다"" - 완벽한 선생의 이중생활","9.88"
"1112","마법사와 꼬마","운명일까?","9.84"
"1113","화이트데이","너흰 그냥 친구야!!","9.30"
"1114","산타라떼(Santa Latte)","리메이크","9.86"
"1115","메리의 미쿡 정복기","먼 타지땅에서 한국인의 끈기로 성공하는 메리","9.81"
"1116","공감없는이야기","약간파랗의 공감없는이야기","9.00"
"1117","이웃집의 스토커군","훈남 스토커가 옆집에 산다.","9.63"
"1118","페이트","수명을 보는 남자","9.72"
"1119","예쁘니까 괜찮아","전학생 영희가 온다!","9.87"
"1120","새벽에 듣는 만화","새벽감성 노래만화","9.87"
"1121","화요일에 죽는 남자","화요일에 죽는 남자","9.58"
"1122","짐승뎐","연재중지","9.87"
"1123","안녕하세요 간호사입니다","나는 남자간호사다","9.84"
"1124","떡볶이 가게 아가씨","떡볶이 가게 사장님 희란이 이야기","8.66"
"1125","트윙클","내여친은 5살 아역스타","9.52"
"1126","작심삼일 운동툰","넓고 얕은 그녀의 운동기","9.78"
"1127","코르보(Corvo)","먹거나 먹히거나.","9.86"
"1128","편집자","누군가 당신을 훔쳐보고 있다","9.60"
"1129","아빠 내일은 뭐하고 놀까?","조금은 특별한 아버지와 아들의 이야기","9.80"
"1130","신혼의 맛","갑질하는 아내 VS 을질하는 남편, 평생 신혼처럼 살기로 작정하다!! 과연?!","9.00"
"1131","동아리방 202호","개성 넘치는 7명의 동아리이야기(자유연재)","9.87"
"1132","사이트 인 킬러","잔혹 판타지","9.86"
"1133","레드헤링","슬럼가에서 사는 사람들","9.66"
"1134","연애고자 모하나","망한 연애들 이야기","9.85"
"1135","한국인이다","한국인이다","9.80"
"1136","올빼미집","안녕하세요 올빼미입니다. 언제나처럼 카툰으로 찾아뵙겠습니다.","9.09"
"1137","오늘의 퇴마","오늘의 퇴마","9.87"
"1138","환상동화 모음집","어른을 위한 동화","9.65"
"1139","4번째 세계","만 이천년 전의 사랑이야기","9.59"
"1140","마당개의 인생","개와 소년의 우정과 모험","9.73"
"1141","빗자루도깨비 태비","도깨비 이야기","9.87"
"1142","병원에서온그대","소아청소년과 전공의와 연애하듯 살아가는 일상툰","9.74"
"1143","잭(J.a.c.k)","돌아왔습니다!","9.21"
"1144","열정호구","사회초년생 수난기","9.87"
"1145","솔로인커플","4x4컷 황당로맨스","9.85"
"1146","플라즈마걸스","우주경찰 소녀들","9.84"
"1147","에스프레소 케이크","“나는 그날, 차민재를 만난 뒤 끊었던 담배를 다시 피우기 시작했다.”","9.86"
"1148","그 중에 나는 없었다","그 아이의 시선에는 내가 있을까?","9.87"
"1149","렝드","판타지 드라마","9.85"
"1150","청춘의 모퉁이","서툰 어른, 30대. 청춘의 모퉁이에 서 있는 그들의 이야기 (월,목 연재)","9.85"
"1151","오늘도 핸드메이드!","딱히 쓸모없지만, 매일 해도 좋으니까","9.86"
"1152","말랑말랑인생","말랑말랑한 인생이야기.","9.85"
"1153","막순이","막순의 애틋한 첫사랑","9.85"
"1154","몽상가 죽이기","악몽을 설계하는 소년","9.57"
"1155","고양이 마법학교","cats magic school","9.79"
"1156","그 어느 날, 우리는 서로를 바라보았다","어느 우리","9.64"
"1157","볼빨간씨의 하루","소소한 일상","9.34"
"1158","마지막휴가","군대만화(실화)","9.62"
"1159","너에게 말하지 못한 얘기","몽환판타지.","9.83"
"1160","맘스 다이어리","쌩 초짜 엄마 아빠의 육아일기","9.78"
"1161","꼬매","꼬매의 일상이야기","9.75"
"1162","달의 기억","판타지/ 빛 속에 감추어진 잃어버린 이야기.","9.79"
"1163","고양이 프린스","이유없이 왕따 당하는 소녀의 특별한 냥줍 사건","9.79"
"1164","지금은 37.2도","사랑을 만드는 온도 37.2도. 내 온도를 만드는건 누구?","9.75"
"1165","꼬마마법사 박광태","배틀코믹스에서 뵈요!","9.75"
"1166","구사일생","어느날, 난 죽었다.","9.71"
"1167","아더스 (others)","귀신들의 사는 이야기","9.78"
"1168","스프린터","단편만화 모음집","9.87"
"1169","결혼해줘","신혼생활","9.83"
"1170","완전범죄","이제부터 나는 범죄자다.","9.69"
"1171","죽은 자들의 도시에서","좀비웹툰","9.73"
"1172","끝난게 아니다 (청춘은 야구&사랑)","청춘=야구&사랑","9.65"
"1173","소소캣다이어리","깜찍한 고양이들의 소소한 일상과 사색","9.75"
"1174","지금은 가난중","빈곤한 우리네 청춘","9.86"
"1175","디노와 브리","마누라가 직장상사","9.64"
"1176","너와 나의 90일","흔하지만 흔하지않았던 너와 나의 90일","9.85"
"1177","허니허니","리얼 실시간 임신출산 웹툰!!","9.86"
"1178","클라푸티 듀스","미소녀 디저트 만화","9.84"
"1179","산들바람","10,20,30일 나와요!","9.83"
"1180","차가움에게 은총을","괜찮은 걸까?","9.83"
"1181","일상을 지켜라","좀 특이한 사람들의 일상","9.88"
"1182","라라파루자","격툰","9.80"
"1183","청춘금지","일상툰","9.74"
"1184","초상화","명화 속 소녀와 화가","9.86"
"1185","촉수괴물 M","육아 판타지","9.87"
"1186","발자국이 녹기전에","시대물 로맨스","9.87"
"1187","엥앙일기","엥앙그림일기","9.86"
"1188","환생게임","환생서바이벌 배틀","9.48"
"1189","내 신랑은 구미호","구미호가 나오는 만화","9.48"
"1190","Live Live Dead","본격 좀비물을 가장한 허세쩌는 만화","9.47"
"1191","폭풍의 짱빨라","열혈 질주 만화","8.82"
"1192","교실공략기","초등교사 오토리","9.85"
"1193","낭만은 원래 돈이 없어야 하는 거래","맑은 수채화로 그려낸 감성 가득 유럽여행기.","9.85"
"1194","누군가의 이야기","어쩌면 당신의","9.87"
"1195","우주에서제일못생긴설정이지만,그래도연애할수있을거같아","이 것은.. 순정만화다. 우젤못.","9.85"
"1196","소녀의 마음으로","영혼이 뒤바뀜","9.85"
"1197","지켜주지못해서미안해","성장기 추억","9.86"
"1198","귀각시","나름, 로맨스","9.85"
"1199","슬립워커","몽유병에 관한 이야기","9.84"
"1200","성장호르몬","-","9.81"
"1201","기프트!","판타지","9.87"
"1202","마녀 어머니와 좀비 아들","특별한 모자의 이야기","9.85"
"1203","더 키친 부오노","여대 앞 파스타집에서 펼쳐지는 일상&로맨스!","9.74"
"1204","UNDER UPRISE","지하세계에 살게 된 인류, 그 안에서 벌어지는 한 남매의 치열한 생존기.","9.81"
"1205","우리부부는개발개발해","일상&결혼생활툰","9.85"
"1206","백풍의 신령 가무","백개의 바람을 다루는 신령","9.47"
"1207","곰신남","여군을 아내로 둔 본격 주말부부 이야기","9.87"
"1208","엔드와 세이브",".","9.62"
"1209","연애싫어","정식연재","9.86"
"1210","달과 바다와 관찰자","근미래 여행 모험 SF","9.87"
"1211","네가 머무는 자리","씨앗이태어날때까지","9.83"
"1212","다프트기어","안드로이드 판타지","9.70"
"1213","야귀록(夜鬼綠)","특별한 능력을 가진 귀사자 vs 야귀","9.85"
"1214","로즈관찰일기","로즈관찰일기","9.79"
"1215","완벽한 멍청이들","상태 좋은 유전자들의 상태 안 좋은 이야기","9.75"
"1216","[BL] Fools","캠퍼스 로맨스","9.80"
"1217","이클립스","이세계 판타지","9.87"
"1218","차원이 다른 만화","그는 뭔가 다르다.","9.85"
"1219","금수저","부모를 바꿔 금수저가 된다! 금요연재","9.85"
"1220","천상열차분야지도","옥황상제와 별자리","9.87"
"1221","송사리 레볼루션!","동아리 <혁명>","9.85"
"1222","아무 말이나 해(보) SHOW","<아무 말이나 해(보) SHOW> 에서 들려드리는 사람 사는 이야기","9.85"
"1223","딩가딩 서콩","서콩의 일상","9.85"
"1224","넘버그레이","원치 않는 힘을 가진 아이들의 이야기.","9.86"
"1225","2015 범죄스릴러 에스","과거에 있었던 연쇄살인사건.. 막아야만한다.","9.74"
"1226","fiction or nonfiction","변태같고 퀴퀴한일기","9.85"
"1227","대학일기","재수하고 대학입학","9.90"
"1228","지켜라! 밥그릇","밥그릇 지킵니다","9.85"
"1229","Free Or UNfree","우연일까 운명일까","9.80"
"1230","저편의 그림자","후련한 총격액션,  남자는 쏘는거다.","9.79"
"1231","에르나크","눈 떠 보니 게임 속?!","9.85"
"1232","갱스터","암흑가, 마피아, 보스, 그러나 코믹.","9.49"
"1233","음남미녀","음대생과 미대생의 이야기","9.87"
"1234","여고남","매 주 금요일 업뎃","9.54"
"1235","마왕이 상병신","정직한 제목","9.87"
"1236","묵색임금","판타지/화요일 연재!","9.85"
"1237","먼지소녀","불운한 소녀와 불운을 보는 소년의 이야기.","8.88"
"1238","인생팔이청년","인생팔이","9.85"
"1239","지구의 태엽","범죄물, 두뇌물","9.85"
"1240","불멸의 드래곤","전설이 언데드로 부활하다","9.51"
"1241","판데모니움","악마의 지옥탈출","9.59"
"1242","GO! 신나고","꼬꼬마 고독한의 농구를 통한 성장 스토리","9.58"
"1243","살랑이는 하루","봄바랑처럼 살랑이는 일상툰","9.75"
"1244","당신은 왼손을 모른다","미스터리&감성","9.87"
"1245","하늘과 하늘의 순정","하늘이의 순정만화 이야기","9.82"
"1246","리브 하이","용림고 학생들의 평범할 것 없는 하루.(자유연재)","9.58"
"1247","네모랜드","네모들의 이야기","9.77"
"1248","분홍분홍해","메구스타스투♥","9.85"
"1249","플레이어","판타지","9.71"
"1250","카니발라이즈","다크판타지","9.85"
"1251","고양이가 할퀴고 간 자리","헤어질때 느껴지는 아픔이 마치 고양이가 할퀴고 간 느낌...","9.82"
"1252","노하우","본격 생활밀착형 노가다 만화. 인생살이 왕도는 없다!","9.77"
"1253","방과후에","자유연재","9.84"
"1254","포도나무 소녀","포도나무","9.79"
"1255","너희가 국딩을 아느냐?!","1995년! 초딩이 아닌 국딩이 간다!","9.84"
"1256","모던픽션A: 삼국지 표류도시","최후 인류 우주 표류","9.82"
"1257","체크포인트","<체크포인트> 시간을 되돌릴 수 있는 초능력자 주인공에게 벌어지는 위험한 사건들","9.68"
"1258","요신님의 이름으로","평화롭지 못한 이야기","9.65"
"1259","79년생. 세상과 7979하다.","79년생. 세상과 7979하다.","9.83"
"1260","나와 악수하는 시간","너와 내가 만났다.","9.83"
"1261","내 고양이! 님","고양이와 동거!","9.85"
"1262","에스키스","매주 수요일","9.85"
"1263","하이타이","태국에서 놀고먹기","9.83"
"1264","바나나 스플릿","첫사랑 사수기.","9.66"
"1265","지구평화","HARMONY","9.46"
"1266","신모양의 이 모양 저 모양","이런저런 이야기","9.85"
"1267","모순의 남자","모순남 김현우 이야기","9.74"
"1268","드래곤 카이트","드래곤 카이트","9.70"
"1269","Walking In The Dark","소년병 이야기","9.86"
"1270","블랙앤서","청춘 농구 드라마","9.74"
"1271","리얼 소꿉친구","소꿉친구 로맨스","9.86"
"1272","A의 세계","마지막 학생들","9.41"
"1273","19세기 비망록","위험한 오라버니와 금단의 재회. 제1회 네이버 웹소설 공모전 장려상 수상 및 연재작 <19세기 비망록> 원작.","9.83"
"1274","두남자일기","평범한 동거","9.86"
"1275","다이아 하트의 안내인","아마 마법소녀","9.12"
"1276","붕어빵 육아일기","인간세상으로 나온 붕어빵 육아일기","9.30"
"1277","연애천재","로맨스코메디","9.86"
"1278","바(Bar)","바텐더","9.88"
"1279","참아줘요, 마리안느!","베일에 싸여 있는 공주와 하녀의 일상 스토리~!!","9.41"
"1280","하이스쿨 히어로즈","입시어드벤처","9.77"
"1281","야수본능","(연재종료)","9.51"
"1282","생각그물.","머리속에 잠들어있는 동화들.","9.86"
"1283","말랑하게 센티멘탈","청춘이란 이름의 아이들, 그 달콤쌉쌀한 이야기","9.81"
"1284","듀이","드래곤 판타지","9.85"
"1285","비로 물드는 꿈","뱀의 임","9.85"
"1286","투명한 동거","유령과 인간의 아슬아슬한 동거 생활","9.85"
"1287","은조","판타지 액션!","9.05"
"1288","비만곰의 정석 다이어트","105kg, 비만곰의 2년만에 50kg를 감량하다.","9.77"
"1289","점심식탁","매일 매일 점심을 함께 먹는 두 여자의 점심식탁이야기","9.85"
"1290","자전거 도둑","유쾌발랄 하고싶다","7.86"
"1291","공주님 마음대로!","레몬 이야기","9.48"
"1292","To.[M]","공지","9.81"
"1293","사자머리와호깜대","사자머리와 뻔뻔한 세냥이들의 일상다반사","9.74"
"1294","실례지만 잠시 지구 좀 멸망시키겠습니다","추리서바이벌 학원물","9.84"
"1295","CAT","자유연재","9.83"
"1296","더미","실험용 인형 더미의 성장기","9.85"
"1297","나는 공주다","공주가뚱녀가됐어","9.61"
"1298","유피씨의 그림일기","그림일기 시즌.2","9.67"
"1299","나를 키워주세요","인간사육","9.79"
"1300","개년들","개년들?","9.87"
"1301","포이즌 아가씨","독을 품은 여자","9.87"
"1302","찬란하게 드리우다","행복하지 못한 남자","9.87"
"1303","호랑각시","자유연재입니다. 죄송합니다.","9.18"
"1304","아비터","각자의 세계를 지키기 위한 존재들의 치열한 싸움.[전 세퍼레이트 웨이]","9.78"
"1305","좀비신드롬","좀비 로멘스 스릴러","9.85"
"1306","소원을 이루어 줄게!","부자들의 일상 4차원 개그!","9.53"
"1307","크리스마스는 쨈과 함께","개가 된 악마","9.86"
"1308","731바이러스","바이러스는 누구의 책임인가?","9.76"
"1309","야상곡","뱀파이어의 표적이 되는 사람들, 그리고 그 뒤를 쫓는 사람들","9.75"
"1310","낙타의 숲","바이러스와 사투","9.62"
"1311","사랑니(confused)","일상툰같은 연애툰","9.86"
"1312","스타일리쉬 리벤지","현대배경 액션판타지","9.63"
"1313","떡신사바","도깨비이야기","9.78"
"1314","사신과 소녀","순정 판타지","9.86"
"1315","애니멀아이즈","신개념 인체 판타지","9.77"
"1316","마미므메모","난다 냄새가","9.86"
"1317","사람교환사업","모든 것을 교환","9.53"
"1318","홀리마운틴","문화혁명!","9.03"
"1319","무브더크라우드","힙합","9.79"
"1320","마계의 황녀","마족 유희물","9.87"
"1321","난감소녀","난감 여고생 4컷 만화","9.83"
"1322","위험한 연자씨","일상의 소소한 이야기를 담은 그림일기입니다","9.71"
"1323","S군의 직딩일기 시즌2","시즌2입니다~!","9.65"
"1324","녹스","NOX.","9.85"
"1325","공부 좀 하자","학원괴기물(怪奇物).","9.85"
"1326","일어나보니 치킨","인간으로 돌아갈래!!!","9.86"
"1327","203호 저승사자","저승사자 맞냐","9.75"
"1328","리틀프린스!","내가너를 사랑하게된일!","9.77"
"1329","별똥별이 떨어졌다","소원 들어주는 별똥별","9.87"
"1330","변이","잔잔한 미스테리  스릴러","9.85"
"1331","정사도 [Saintly Dozen]","12개로 나뉜 대천사장의 심장을 찾아라","8.07"
"1332","우리집 브로콜리","비식용 브로콜리","9.87"
"1333","반짝반짝 행복해","반짝반짝한 이야기","9.25"
"1334","마왕 옆자리 비서 한 마리","마왕을 물리치는 용사보다 힘들게 일하는 노동자의 이야기","9.81"
"1335","깨알공장공장장","고소한 결혼권장 웹툰!!!","9.50"
"1336","안녕?위드니","일곱아이들이야기","9.87"
"1337","안쭝의 소심러브","항상 핀트가 미묘하게 어긋나는 팬더의 사는 이야기","9.67"
"1338","젠체스토리","젠체의 일상속으로","9.37"
"1339","Somewhere","동성애 만화","9.86"
"1340","여고를 아느냐","리얼 여고 100%","9.85"
"1341","캐스팔루크","카페 판타지","9.73"
"1342","페인포인트 PAINPOINT","액션판타지","9.62"
"1343","눈을감다","그때…그때 왜 난 모른척 하지 않았을까…","9.68"
"1344","할로, 케빈!","옥수수군의 일기, 할로, 케빈!","9.81"
"1345","주전부리","부부웹툰","9.86"
"1346","리부트","나는 죽었다. 그런데...","9.76"
"1347","프러미스 : 강철의 혼","거대로봇 + 오글","9.45"
"1348","서른살을 살았어","나의 서른살, 너의 서른살, 우리들의 서른살!","9.83"
"1349","청사나이","청사나이!!","9.84"
"1350","아싸라비아","꽁냥꽁냥","9.86"
"1351","연놈","연놈","9.85"
"1352","SCP-The Administrator","확보, 격리, 보호","9.31"
"1353","대작","전 국민의 이목을 집중시킨 한권의 소설, 그 뒤에 숨겨진 피로 얼룩진 비밀.","9.83"
"1354","CANADADA!","버라이어티한 캐나다 워킹홀리데이 체험기","9.86"
"1355","그대와 청춘","청춘로맨스","9.85"
"1356","우.할.까","4컷 개그 릴레이","9.81"
"1357","5인전쟁","판타지&전쟁","9.87"
"1358","미쓰토바","토바의 일상이야기!","9.86"
"1359","밑밥","암울하고 답답한 현실. 아름답고 생명력 넘치는 바다. 그 대척점에서 낚시를 만나다.","9.83"
"1360","고민상담특별부","랭킹 시스템 학교","9.86"
"1361","혼자를 기르는 법","혼자였고 또 혼자일","9.85"
"1362","모두 어디로 간걸까?","제주도 생활기","9.70"
"1363","당신을 사랑하고 싶습니다.","고딩대딩의청춘사랑","9.76"
"1364","무한몽","해몽, 예지몽, 꿈에 대한 이야기","9.78"
"1365","왕의정원","자유연재→격주연재로! 본격 드래곤판타지!","9.74"
"1366","사형제","4형제 이야기","9.88"
"1367","다섯개의이름","악마견비글을키우다","9.76"
"1368","오늘만 사는 토끼가면","왕따는 SNS를 타고~* 에라 모르겠다. 오늘만 산다!!!  얼짱, 기획사 연습생 막장 폭로방송 토끼가면","9.83"
"1369","아리랑부부","결혼 탐구 생활","9.81"
"1370","진짜여군","진짜여군의 진짜진짜 여군이야기","9.87"
"1371","얼인의 만아 (얼仁義 滿我)","사라져가는 우리 전통문화를 들춰보는 만화입니다.","9.85"
"1372","열렙전사","본격 명품 판타지 액션 겜만화","9.70"
"1373","악마와 티타임","본격 요양원 만화","9.86"
"1374","힐데르트 캐슬","러브액션 판타지","9.42"
"1375","우주대모험","황당한 가족의 기상천외 우주여행!","9.20"
"1376","언더 더 애플트리","놀탱 놀탱","9.30"
"1377","신과 인간에 관한 재밌는 상상화","신과 인간의 관계는...??","9.80"
"1378","솔로가 좋다.","나혼자사는솔로툰","9.87"
"1379","죽은자를 상대하는 방법","좀비물 입니다.","9.86"
"1380","루크벨라의 우아한인생","남주없음여자둘만나옴","9.87"
"1381","일상 로맨스","소소한 일상들","9.85"
"1382","이상징후(異常徵候)","초능력은개뿔","9.85"
"1383","사자(使者)","최초 여자 염라대왕의 탄생?! 본격 저세상 판타지 로맨스","9.86"
"1384","강을 그리다","픽션사극","9.87"
"1385","어렴풋이","글/그림 휘를","9.80"
"1386","헬로리틀또리미","본격 과거일상툰!","9.86"
"1387","쥐인님과 나","지극히쥐덕한생활 :3","9.84"
"1388","그마남 이야기","그마법사가남기고간이야기","9.86"
"1389","사나울","스물아홉 설레임","9.85"
"1390","SDB","고교당구왕","9.69"
"1391","고양이 뚜껑","말하는 고양이!","9.86"
"1392","가라, 로봇!","본격 로봇 순애물","9.62"
"1393","성검의 홀리소드","성검에 얽힌 모험이야기.","9.79"
"1394","어둠 속을 날아서","-","9.73"
"1395","물속의 고요","꿈에서 마주친 꼬마","9.85"
"1396","판타스틱! 티티우스 표류기","인어의 육지표류기","9.86"
"1397","더 모나크","추방 당한 사탄 그리고..","9.69"
"1398","애원(愛怨)","남고에 여고생 귀신","9.81"
"1399","내 첫 사랑에 대한 기억","순정만화","9.87"
"1400","리바이벌(Revival)","판타지 로맨스","9.77"
"1401","별끝에서 땅끝까지","별에서 온 별땅이 이야기","9.81"
"1402","마이 리틀 캐나다","캐나다 적응기","9.85"
"1403","무의식의 숲","당신이 잠든 사이","9.90"
"1404","자갈치땅콩","강아지의일기","9.86"
"1405","두번째의 왕자님","자유 연재","9.88"
"1406","생생 생활기록부","뭉실뭉실 팡이의 정상적이고 평범한 생활기록부","9.86"
"1407","발렌티노 다스티","안잘난뱀파이어","9.82"
"1408","혼원사","영혼을 구하는 자","9.86"
"1409","내 학생이 싸이코패스일 리가 없어","학원 군상극.","9.85"
"1410","우렁이라도 좋아","우렁이 로맨스","9.82"
"1411","그래도 내일은","무무의 인생이야기","9.79"
"1412","트라우마","손발오글 순정만화","9.91"
"1413","감염[感染] Infection","푸른빛은 핏빛보다 잔인하다.","8.86"
"1414","데몬데몬","마계 액션 판타지","9.85"
"1415","저리가요 마왕씨","날림주의 악필주의 오글주의","9.86"
"1416","비밀스러운 짝사랑","고교 개그 순정","9.86"
"1417","유랑인류","온더로드 라이브 여행툰","9.84"
"1418","달콤한 나의 독일","독일국제연애","9.87"
"1419","밤의 피조물","고딕 판타지","9.75"
"1420","외쳐불러 : 나머지 방송반","방송부 이야기","9.81"
"1421","정귀괴담록","퇴마 액션","9.86"
"1422","Deep Blue","시한부","9.86"
"1423","트러블걸","영웅과 악당 둘 다 되어야 했던 소녀의 이야기","9.70"
"1424","네크로골비","네크로맨서","9.85"
"1425","인형의 꿈","작은 소망이야기.","9.81"
"1426","마스크걸","인기여캠BJ의정체는?","9.85"
"1427","블루 블로썸","블루 블로썸","9.69"
"1428","왕자님을 인터뷰하는 법","최애캐인터뷰","9.85"
"1429","하루살이 소년","요일별 가정부들과 함께 하는 소년 하루의 일상","9.87"
"1430","렛츠고!팜머스쿨!","개그농업학교","9.85"
"1431","네거티브 칸나","지상최악의마법소녀","9.74"
"1432","스리핑거","통기타 동아리 스리핑거 이야기","9.65"
"1433","수트 오브 스파이(suit of spy)","스파이 액션 활극","9.68"
"1434","그래도 괜찮을까?","세상이 두려운 사람들의 이야기","9.70"
"1435","악마를 찾는 사람들","악마를 찾는 사람들의 이야기 악마가 만난 사람들의 이야기","9.63"
"1436","너와 이 세계의 크랙","다른 세계로 끌려들어간 주성이를 중심으로 한 판타지 순정물","9.85"
"1437","Guarding - 그녀는 나의 웬수..","한없이 순수했던 그 아이......때문에 미쳐버릴거같아..","9.77"
"1438","데일리 위치","평범한 마녀들의 일상 판타지 사컷만화","9.84"
"1439","언더그라운드 블러드팩","Sci-fi 웹그래픽노블","9.87"
"1440","그래, 가끔 하늘을 보자","초보맘 육아 스토리","9.86"
"1441","틈새의주인","검은 전설의 시작","9.84"
"1442","1+1","캠퍼스 로맨스","9.87"
"1443","소나기 통조림","학원드라마","9.83"
"1444","사랑하는 마음","완결","9.62"
"1445","바이시클","자전거와 사람들","9.36"
"1446","이별에서 우리는","남녀의 입장에서 격 화로 진행되는 이별 후의 이야기","9.87"
"1447","나는 귀머거리다","나는 귀머거리다","9.90"
"1448","The A","한 건물에 갇힌 이들의 사투","9.82"
"1449","아이돌 Dis토피아","극평범아이돌만화","9.74"
"1450","실","인연의 고리.","9.85"
"1451","조선타임트래블","시간여행★","9.84"
"1452","야생화","본격 아포칼립스 액션","9.84"
"1453","신기관리팀 처용대","불가사의한 힘을 지니고 있는 유물들을 둘러싸고 벌어지는 도시액션활극!!","9.67"
"1454","설레긴 개뿔","우린 그냥 친구야","9.85"
"1455","양철맨","본격 히어로 액션!! 새로운 슈퍼 히어로의 탄생! 격주 월요일 연재합니다.","9.24"
"1456","시리우스","미스터리 판타지. 자유연재.","9.85"
"1457","들개의 품위","Loyal stray dogs","9.86"
"1458","너의 나날","여고 안에서의 짝사랑","9.88"
"1459","pponnie(뽀니)","뽀니의 특별한 일상","9.85"
"1460","산타","12월에...","9.74"
"1461","마나마나","@(0▽0)@","9.86"
"1462","마네킹","나한테왜그랬어?","9.86"
"1463","아름다운 개새끼","의식의 흐름대로 그리는 만화","9.85"
"1464","심모람 채널","모람모람한 날들","9.83"
"1465","프리템포","세 여자의 스펙타클하고 유머러스한 생활담","9.86"
"1466","산신 [山神]","한국설화 각색환타지","9.86"
"1467","카이제리온 (KAIXERION)","슈퍼 로맨스","9.54"
"1468","도닥도닥","3포세대 우리들","9.86"
"1469","오즈의 바보들","오즈의 이야기","9.89"
"1470","망각천사를 잡는 방법","천사와 싸우는 인간","9.76"
"1471","애오라지","옛날옛날에…","9.69"
"1472","마왕의 휴일","나를 위해 춤춰라.","9.87"
"1473","HOL(전설의 역사)","리그오브레전드 비하인드 스토리 -FANFIC-","9.40"
"1474","어메이징 결혼이야기","“내일은결혼”책출시","9.88"
"1475","아이들의404","울집에미친넘이떳다!","9.87"
"1476","날로 먹는 연애","사라진 친구 찾기","9.84"
"1477","묘생인생","두 괭이와 두 괭인의 일상","9.88"
"1478","환상음악단편선","환상음악단편선","9.69"
"1479","리바이어던","SF 드라마","9.70"
"1480","기적의 앱스토어","투시안경. 미래예지. 그런 물건이 내 손에 쥐어 진다면? 마법물품으로 인생역전을 이룬다!","9.86"
"1481","우애 좋은 삼남매","안과 밖이 다른 삼남매의 일상","9.85"
"1482","연애의 정석","남녀 사랑의 정석","9.70"
"1483","서당개 삼년이면 풍월을 읊는다.","좀 웃긴 학원물","9.81"
"1484","전달자","카르가막의 여정","9.31"
"1485","우주 수호기사 마이티 캣!","비일상적인 히어로물","9.78"
"1486","저주를 걸어드립니다.","난쟁이 마녀 이야기","9.87"
"1487","오!주예수여","예수님 아닙니다","9.85"
"1488","캣밑피쉬 (The Cat Meets Fish)","트로피컬 여행 판타지","9.86"
"1489","미백클럽","궁극의 동아리","9.72"
"1490","펭귄테일","엉뚱펭귄 등장!","9.86"
"1491","시간나비","잃어버린 3년을 찾아서","9.11"
"1492","탄생석","능력자 판타지","9.86"
"1493","썸타임","매주 화요일 연재","9.86"
"1494","빨간눈 토끼","토끼눈은 원래 빨갛다!","8.53"
"1495","나 그리고","설명하기 힘든 마음들 그림으로 대신 설명해드릴게요","9.86"
"1496","수상한 전학생","신개념 좀비로맨스","9.85"
"1497","영어전쟁","전쟁같은 미국생활기","9.86"
"1498","소녀의 세계","소녀들의 우정물","9.85"
"1499","이온","☆★☆★","9.73"
"1500","망상특급열차","하는 거 없는 여행","9.64"
"1501","고추밭 표류기","귀농,농촌툰 아님","9.82"
"1502","룸메이트","우리는 흔녀.","9.57"
"1503","몬딕","몬스터 딕셔너리","9.88"
"1504","제왕의조건","퓨전판타지","9.81"
"1505","블랙 헤이즈","판타지","9.87"
"1506","백수탐정","대한민국에 탐정이 존재한다.","9.82"
"1507","안즈","'바람'의 8대를 찾아라.","9.78"
"1508","악제에피소드","악마 VS 인간","9.57"
"1509","빅플 크루","도자기 덕후의 일상툰^^","9.33"
"1510","코인","마왕과용사","9.80"
"1511","(2부)나는엄마다","엄마가 된 고등학생의 학교복귀 투쟁기","9.77"
"1512","HOOD","시체의 이야기","9.87"
"1513","미다스의 아들","100일간의 이야기","9.85"
"1514","안녕 내 스물일곱","내 스물일곱 이야기","9.86"
"1515","뉴 빌런","악당들의 세대교체 이야기","9.82"
"1516","폭군의 궁전청소부","정식연재!","9.84"
"1517","혼생자(魂生子)","설화의 재해석.","9.86"
"1518","리플렉션","흡혈귀 동양 판타지","9.78"
"1519","안단테 노선생","누구나 싫어하고 꺼리는 공포의 치과.어느 치과 의사의 잔잔한 인생 이야기","9.70"
"1520","아이보리","초보 엄마 아빠 육아성장기","9.87"
"1521","난 너의 운명","운명적인 사랑이란!?","9.84"
"1522","고기해방연합","고기가 금지된 세상","9.85"
"1523","아르테","하늘과 땅의 사랑을 받는 아르테라 불리는  한소녀의 성장 이야기","9.87"
"1524","진실게임","거짓말을 하면 죽는다...!","9.86"
"1525","불가능한 연애","절대 연애가 안될 것 같은 두사람의 연애 방법.","9.86"
"1526","개집사일기","우리 개만 그런가?","9.80"
"1527","F&I","B급 느와르 액션 만화","9.65"
"1528","만물상","모든 물건을 파는 가게의 이야기","9.82"
"1529","인버스","본격 분열성 조장 만화","9.87"
"1530","신영웅전기","마법학자와 신영웅의 이야기","9.87"
"1531","해를쫓아별이된아이","해를쫓아별이된아이","9.85"
"1532","도나도나도나","돌고 도는 사람들","9.88"
"1533","천개의 소원","고교 일상 순정 만화 ★격주 토요일연재★","9.86"
"1534","우리집 장롱대마왕","하숙생 구해요!","9.79"
"1535","잊지않아","요정과사람이야기","9.55"
"1536","우바우(우리가 바라는 우리)","웃퍼","9.85"
"1537","코코넨네","본격 아기 관찰 웹툰.","9.87"
"1538","오빠의향기","판타지 코믹 순정만화","9.85"
"1539","오토리버스","오토리버스","9.76"
"1540","아이돌 스파이","아이돌이지만 원하는 단 하나를 가지지 못해 스파이가 된 철부지 '그놈'과 인생에서 포기를 먼저 배워 너무 일찍 철든 '그녀'와 만나면서 벌이는 로맨틱 액션코미디","9.72"
"1541","오늘은 좀 더 낫겠지","어제보다 나은 오늘을 꿈꾸는 그녀의 시시콜콜한 이야기(수요일 연재)","9.68"
"1542","수수께끼","첫사랑 누나?","9.85"
"1543","그와 그녀와 그","다크순정판타지+개그.매월 10,20,30일연재.","9.86"
"1544","꽃자국 길","환상 여행","9.85"
"1545","죽지못해산다","죽지못해사는 여섯 남자 이야기","9.88"
"1546","슈퍼 시크릿","소꿉친구의 일상판타지","9.85"
"1547","롤랜드 엠블리","귀여운 친구들의 일상","9.49"
"1548","블랙스완을 위한 변명","영국 빅토리아시대 로맨스","9.86"
"1549","유쾌빽양의 사회적응기","일상생활에서 보고 들을 수 있는 일상사를 귀여운? 곰들과 함께 풀어가는 카툰~ 때론 과격하고 폭력하지만 다소 어리버리하고 바보같지만 귀여운 북극곰, 팬더, 불곰. 들의 일상사~","9.57"
"1550","렌탈맨","렌탈맨","8.31"
"1551","호랑이형님","호랑이 액션활극!!!","9.86"
"1552","레이디 프로젝트","신랑감 찾기 프로젝트","9.86"
"1553","에잇 뿔","우리..돈 없으면 사랑할 수 없나요?","9.83"
"1554","천화","집착의 굴레","9.82"
"1555","여자들의 뒷담화","세여자의 각자 다른 사랑이야기.","9.87"
"1556","흑백인간","천재사이코들두뇌싸움","9.80"
"1557","요런 요물들","한국의 요물들이 현대사회를 살아가는 이야기","9.86"
"1558","그린애플","고딩 사계절이야기","9.80"
"1559","아메리카노","20대 첫사랑을 카페에 빗대어 그린 만화.","9.13"
"1560","무극","코믹+무협","9.84"
"1561","무림야구","삼국지 등장인물들이 펼치는 퓨젼 야구 만화!!!","9.47"
"1562","슬기로운 생활","존잘남의 학교생활 분투기","9.85"
"1563","CELL[셀]","특별한 죄인들을 가두는 감옥","9.86"
"1564","4층복도끝천국","유령로맨스","9.86"
"1565","선택게임","독자 선택 만화","9.87"
"1566","하우 투 싸커 [How to soccer]","때는 바야흐로 인류 시즌7. 그 시대에는 없는 것이 하나 있었으니?","9.36"
"1567","너라면 알까?","고교 성장 드라마","9.86"
"1568","조금 더 가까이","관계를 들여다보기","9.85"
"1569","뉴욕, 고양이 그리고 나","뉴욕에서 일러스트레이터로 일하는 그녀와 고양이의 소소한 이야기.","9.87"
"1570","네크로맨서","현대판 네크로맨서의 일상","9.87"
"1571","뷰티풀 군바리","여자가군대를가면?","9.74"
"1572","행운의 서(書)","세 사람의 만남, 그로인해 다가오는 하나의 행운","9.87"
"1573","5月하늘의돋보기","잃어버렸나요?","9.86"
"1574","버드(BUD)","환생 판타지.","9.65"
"1575","구름사냥","뜬구름 잡자규~","9.64"
"1576","뿔뿔뿔뿔","미노타우로스 병을 앓고 있는 남자들의 사람사는 이야기","9.83"
"1577","마미기숙사","여자기숙사에 남자가 산다!!","9.85"
"1578","꾼","고교생들의 잔혹하고 고독한 도박세계","9.52"
"1579","애플 에이지","성범죄 웹툰","9.88"
"1580","이여인","이십대 여자 직장인","9.86"
"1581","One Bite Of The Apple","단편만화 모음집","9.82"
"1582","바리바리발발","하나뿐인 고양이 바리와 슈리,누리! 와의 게으른 주인의 일상.","9.86"
"1583","신룡의 주인","마법학교에 입학?!","9.85"
"1584","죽어도 숨은 쉰다","이승과 저승의 이야기","9.85"
"1585","약하지않아","최약체 몬스터들의 모험","9.80"
"1586","연정가","조선시대 슬픈 사랑이야기","9.48"
"1587","어쩌지 남여","츤츤이와 준이","9.79"
"1588","빗자루도깨비 태비 (리메이크 전)","도깨비 이야기","9.85"
"1589","마장박 다이어리","마장박의 일상....","8.87"
"1590","디어비스","슈퍼히어로물","9.69"
"1591","그림술사","요괴와술사의이야기","9.87"
"1592","이너옥터","불만 많은 우주 여행기","9.87"
"1593","햄스터만 바라보다","햄스터의 매력에 흠뻑♥","9.87"
"1594","내 마음의 음유시인","마지막공연","9.86"
"1595","냥모나이트","냥이와 여자사람의 동거툰","9.84"
"1596","지옥문","한밤 중 아파트 옥상에서 들리는 정체불명의 소음?","9.86"
"1597","인생은꿈맛","인도여행기 업뎃중","9.38"
"1598","은퇴한 히어로","백수 히어로의 일상","9.85"
"1599","숨","연재 종료","9.86"
"1600","달수이야기","총체적난국 주의","9.86"
"1601","오가닉하게 우프!","오가닉한 두 여자의 영국우프 체험기!","9.85"
"1602","그 섬에 바보들이 산다","자유연재중입니다.","9.83"
"1603","이별만화 완성도","눈물과 콧물","9.58"
"1604","연애의정령","연애코치가 왔다!","9.84"
"1605","한 소리로 듣고 한 눈으로 보고","흑백단편/자유","9.85"
"1606","새벽소리가 들린다","요정나라에서 펼쳐지는 달콤한 일상","9.70"
"1607","그림자도마뱀사기극","소소한 유쾌 판타지","9.82"
"1608","하이라몽","★ 하이 코미디 어드벤쳐 옴니버스 스쿨 판타지 ★","9.53"
"1609","여도지죄","만남과 이별 사이","9.83"
"1610","늑대와의 동침","인기 아이돌 '크라운'의 리더 공재윤과의 아슬아슬 동거생활!","9.86"
"1611","씁쓸한 하루","어떻게든 되겠지","9.83"
"1612","푸디와 친구들","푸디의 카페 만들기 좌충우돌!","7.81"
"1613","내 소울메이트는 어디있을까","내 인연은 어디에?","9.87"
"1614","다크써클 몸빼바지","육식마녀","9.81"
"1615","꽃보다 찬란한","코믹,로맨스♡","9.76"
"1616","글더하기그림","짧은만화","9.82"
"1617","인생 삼파전","조폭 김창식의 인생역전 임업도전기!!","9.74"
"1618","공복의 저녁식사","매일매일 맛있는 음식","9.85"
"1619","에르데","에르데 - 세상을 구하는 엘프이야기","9.79"
"1620","인간의 조건","여우이야기","9.87"
"1621","꼴통명문 구린고","일상코믹스쿨라이프","9.85"
"1622","과일종합선물세트","본격 과일들이 썸타는 만화","9.85"
"1623","괴발개발","16마리 반려동물이야기","9.86"
"1624","비스트 사인","여장소년 수난기","9.66"
"1625","1+1=3","여성이 포식자가 되어버린 망가진 세계에 떨어진 사람들. 그들의 생존, 집착, 사랑 이야기","9.87"
"1626","로고스","마몬형제의 이야기","9.64"
"1627","소리다이어리","20년째 다이어리질","9.78"
"1628","고예섬 방문일지","동서고금무 판타지","9.83"
"1629","외모지상주의","매주 토요일 연재","9.86"
"1630","유리구두의 비밀","메르헨판타지 자유연재","9.76"
"1631","블러드블랙","뱀파이어?!","9.86"
"1632","EMPIRE(제국)","판타지 드라마","9.60"
"1633","모아세 (모두가 아름다워진 세상)","성형,외모","9.86"
"1634","레드군","소년 모험 만화!","9.50"
"1635","11월에 내리는 설이","용우와 소설, 시간의 이야기.","9.73"
"1636","밴디지!","현실상륙작전. 이대로 미지근한 불시착이 될 것인가, 아니면 시동을 걸고 스스로 날아오를 것인가! 밴드로 치유하는 우리들의 상처, 조금은 어설픈 희망재활 프로젝트, 밴디지!","9.68"
"1637","몽유병","몽유병에 걸린 한 남자의 이야기","9.73"
"1638","잉문학","잉여+인문학=잉문학","9.84"
"1639","치킨,신이된닭","맥주를 좋아하는 닭이 치킨이 되어가는 과정","9.81"
"1640","제가 그냥 보라색을 좋아하는데요  (제.그.보.)","일상욕망 콜렉터!  + 천사/악마 지망생","9.86"
"1641","히어로즈 플랜B","H.P.B","9.85"
"1642","수상한복학생","ST☆R별","9.85"
"1643","리얼 러브","학원 일상스토리","9.87"
"1644","거꾸로-툰","내려갔다 올라가는 만화. 거꾸로 다시보면 새롭게 보이는 반전 만화","9.85"
"1645","아내의 그녀","위기의 부부에게 찾아온 의문의 그녀!","9.86"
"1646","그 날, 이후의 세계","16년 뒤로","9.84"
"1647","편의점의 마법사","일상 판타지","9.89"
"1648","자유부인","자유부인과 점년이의 지적인 싼티의 마력","9.86"
"1649","건축카페 종이집","소녀의 건축여행기","9.77"
"1650","여자가 더 좋아하는 연애","하는 연애","9.86"
"1651","ADHD 생활기","ADHD를 갖고 있는 줄 모른 채 어른이 된 사람들","9.76"
"1652","Mrs. Alice","어느날 사라져버린 엄마. 기억속에 숨겨져 있던 엄마의 진짜 모습을 찾아나선 조엘.","9.81"
"1653","윙즈 - 영광을 위한 날개","드래곤과 창공의 세계","9.85"
"1654","영광에 매이다","은톨이와 도깨비","9.74"
"1655","여탕보고서","여탕의 진실","9.85"
"1656","그리드(Greed)","숲속으로 도망간 소년, 사람의 발길이 끊긴 그 곳에서 벌어지는 일들을 그린 스릴러물.","9.87"
"1657","GO! GO! 1학년 8반!!!","능곡고등학교 1학년 8반!! 범상치 않은 신입생들의 신나는 스쿨라이프!!","9.52"
"1658","(핫샷)HOTSHOT[?]","HOTSHOT웹툰","9.76"
"1659","내가 엄마라니","엄마가 되어버렸어요.","9.87"
"1660","아침나라의 꽃","1930년대, 일제강점기로 타임리프한 여고생 이야기","9.85"
"1661","카이만","판타지입니다.","9.84"
"1662","슈퍼랑","천랑, 화랑, 이랑 새로운 슈퍼 영웅의 탄생!","9.63"
"1663","로키 (Loki)","로키의 모험","9.86"
"1664","부처핸접","신개념 갱생 웹툰","9.83"
"1665","망월선녀설화","선녀와 나무꾼, 그들의 끝나지 않은 이야기","8.98"
"1666","오늘의 온도","오늘의 온도는 몇 도입니까?","9.85"
"1667","나는 평범하지 않다","순정만화","9.88"
"1668","비스트(beast)","정통 액션 환타지","9.78"
"1669","소동헌을 위한 기록","에필로그","9.73"
"1670","피터팬의 웬디","현대판 피터팬과 웬디","9.85"
"1671","설레는 기분","두근두근♡","9.85"
"1672","위기의 범죄자","범죄 심리극","9.86"
"1673","너의 목소리가 보여","우리말 사랑 웹툰","9.86"
"1674","보통회사 이야기","보통 한 집단마다 한 명의 또라이가 있다고 한다. 그런데 이 회사에는…","8.96"
"1675","아버지와 아들","철부지 아빠의 아빠놀이","9.75"
"1676","블랙","세상 은 하얗고 삶 은 어둡다.","9.48"
"1677","솔라보이","광합성하는식물소년!","9.78"
"1678","조조할인","새와 사람","9.87"
"1679","알타고","한국고전판타지","9.79"
"1680","쌍둥이네","쌍둥이 신비감제로!","9.87"
"1681","봄여름가을겨울 떡집",".","9.82"
"1682","애니마","영결합배틀물","9.83"
"1683","어느 오래된 도서관의 비밀","어느 오래된 도서관에서 펼쳐지는 이야기.","9.86"
"1684","이상한 나라의 더 이상한 앨리스","남자 앨리스","9.77"
"1685","푸드 포스 레인저","푸드 포스 레인저","9.81"
"1686","그것은 어느날","참꽃마리","9.85"
"1687","Princess of Dream","꽃미남 아이돌 총출동","9.85"
"1688","바다의 노래","사랑, 믿슙니까?","9.43"
"1689","말하지 않는다.","이거슨..신세계?","9.76"
"1690","월야에 우는 새","◀최종 공지!","9.81"
"1691","비창","퓨전판타지","9.76"
"1692","스톰힐 다이어리","하이틴 유학로맨스","9.86"
"1693","기안84 회고록","내가 바라본 기안84 이야기","9.85"
"1694","아씨와 나","산에서 내려온 삼식이의 인간세상 경험 에피소드","9.86"
"1695","두근거려요","첫 번째 사랑의 실패로 겁쟁이가 된 여자.","9.85"
"1696","Please Me, Please","판타지 순정.","9.78"
"1697","평일의 나","평일에 뭐하세요?","9.86"
"1698","애니멀'즈 매거진","엉뚱,4차원,발랄,초깜찍(?) 대한민국 2%가 살아가는 이야기","9.79"
"1699","여고생이 좋아요","여고연애물","9.87"
"1700","19평 사바나","야생으로 가자!","9.54"
"1701","괴물아가씨","괴물들의 이야기","9.74"
"1702","魂지킴이","상처받은 영혼에 위로를.....","9.77"
"1703","야수의 노래","저승 모험을 그린 한국형 판타지","9.83"
"1704","기래믹스","멍청하고 부끄러운 일상들.","9.76"
"1705","여자의 마음","너희가 결혼한 여자의 마음을 알아?!","9.62"
"1706","마지막 피터팬","성장통로맨스♥","9.85"
"1707","우리집에 귀신이 사는것 같아","무서운 이야기","9.80"
"1708","씁쓸남 유남생","출퇴근 감성의 공감...씁쓸하다.","9.81"
"1709","엘리자베스1호","안드로이드와 박사님","9.85"
"1710","에스카토스","진범을 찾아라","9.87"
"1711","변기통 로맨스","모태솔로 로맨스","9.81"
"1712","마로이야기","말하는 개 마로와 평범한 여대생 순지의 이야기","9.85"
"1713","리솔루토","판타지","9.73"
"1714","코기의 취향","'함께 밥을 먹으면서 정이 쌓인다.'","9.85"
"1715","Two Coffins (투카핀스)","세사람과 두개의관","9.64"
"1716","비비디 바비디 덕","비바덕♪","9.82"
"1717","비트윈","비밀속의 연애","9.78"
"1718","특허소년","특별히 허락한 소년","9.87"
"1719","그런만화","개그 만화!","9.85"
"1720","수치스러운 애정행각","정식연재","9.81"
"1721","청춘거지클럽","가난한 청춘들의 캠퍼스 생존 로맨스 코미디","9.78"
"1722","드림웨폰","악몽사냥꾼들 이야기","9.83"
"1723","선녀가온 나나","현대의 인간세상으로 내려온 선녀들의 이야기","9.84"
"1724","이프","판타지.","9.85"
"1725","하푸하푸","물범 하푸와 북극곰 꾸꼼, 펭귄 귄귄이의 이야기","9.85"
"1726","문신","문신 판타지 소년만화","8.63"
"1727","blooming(블루밍)","꽃이 만발한,지독한","9.87"
"1728","졸래동화","병맛의 진수를 그대에게","9.83"
"1729","미궁","미궁 프로젝트","9.82"
"1730","오늘도 무사히,","보통사람 이야기","9.63"
"1731","애플시나몬","나만 몰랐던 이야기.","9.86"
"1732","동양의 색","동양의 색","9.78"
"1733","은빛 고릴라","변신 동물들 이야기","9.60"
"1734","윈터우즈","동화같은이야기","9.86"
"1735","달이 빛나는 밤에","달의 도깨비의 이야기","9.78"
"1736","꽁치가 파닥파닥","꽁치의 육지살이.","9.69"
"1737","할로우 포인트","판타지입니다.","9.85"
"1738","몬스터즈 하우스","이상한 괴물들","9.88"
"1739","NEXUS","심부름회사NEXUS","9.87"
"1740","살신성인","좀비의 학교생활","9.85"
"1741","딸기와 밀크티","예대 청춘 로맨스!","9.74"
"1742","그들의 방식","현대이능력판타지","9.83"
"1743","보글보글챱챱","잘먹겠습니다.","9.80"
"1744","신수의 주인","액션남녀러브로망스","9.82"
"1745","DEAD DAYS","- 좀비 스릴러 - 우린 살아 남을 수 있을까?","9.82"
"1746","7번국도아이","추억은 마음속의 보석이다. 보석 같은 이야기를 찾아가는 7번국도 아이.","9.83"
"1747","덕과의 동침","오덕남편과의 일상","9.87"
"1748","하나마나","만화일기","9.86"
"1749","황금 장미","은빛요정의 로맨스판타지","9.84"
"1750","도전!만화가!!","만화가를 꿈꾸는 만화가지망생들의 도전!!","8.80"
"1751","달달한 러브컬렉션","러브컬렉션","9.83"
"1752","불만시대","누구에게나 불만은 있다","9.63"
"1753","렛츠","일상에서의 판타지","9.65"
"1754","어느 토요일 밤의 무지개","어느 토요일 밤, 밝은 빛과 함께 그들이 내려왔다. 그리고 7년 후...","9.81"
"1755","충무공","충무공이 현재에 부활한다. 로봇으로.","9.13"
"1756","BooBoo's Zoo(부부의 동물원)","반려가족들의 이야기","9.71"
"1757","펄스나인","축구에 꿈을 건 소년들의 성장 드라마.","9.49"
"1758","미묘한 이야기","미묘하다 [형용사] 뚜렷하지 않고 야릇하고 묘하다.","9.44"
"1759","밀레니엄 헌터","2000년 세상은 신화속 괴물들의 놀이터가 된다.","9.87"
"1760","나비, 물고기","나비,물고기,그녀 그리고 그들","9.81"
"1761","초딩생활2<달탐정발명대>","초딩생활","9.64"
"1762","모두의 추억","2002월드컵","9.80"
"1763","아벨","어느 왕의 검부터 시작된 전설","9.52"
"1764","마음을 전해 드립니다.","마음을 전해 드립니다.","9.83"
"1765","[톡툰]","어른으로 살기","9.61"
"1766","상상고양이","김경","9.86"
"1767","최고의 콤비","천사와 악마가 지상에서 만났다!","9.80"
"1768","코크싸이더",".","9.78"
"1769","절대신의 유희","사후세계 판타지","9.85"
"1770","포갓레인저","변신액션히어로","9.76"
"1771","동물소대","내 인생의 한 번뿐인 순간","9.46"
"1772","아띠아노","카툰/아띠아노","9.36"
"1773","망각의 주인","망각의 판타지.","9.87"
"1774","심박수1280","사이코 순정 로맨스","9.73"
"1775","우주교도소 바다붐","우주교도소 바다붐에서 펼쳐지는 죄수들의 이야기.","9.80"
"1776","모태솔로수용소","감옥만화","9.72"
"1777","어떤 화랑의 아가씨와 용의 이야기","조용한 판타지","9.86"
"1778","사각사각","캐나다 워킹홀리데이+디자이너 생존기","9.86"
"1779","사랑의 기술","매주토요일연재","9.66"
"1780","오나미",".","7.55"
"1781","이 여자가 덕후로 사는 것","이렇게 살고있는 덕후도 있다고 합디다~","9.62"
"1782","우리들의 다섯걸음","청소년 성장 (아침)드라마","9.62"
"1783","겨울X거울","소년, 소녀를 만나다.","9.56"
"1784","자이언트(THE HERO)","거인, 그의 역사","9.73"
"1785","버퍼링","SF스릴러","9.85"
"1786","사랑은 햄스터를 타고","라부라부판타지","9.85"
"1787","히키(HicKey)","천사와 악마로 인해 바뀌어 버린 일상! 그리고 그들의 이야기.","9.85"
"1788","시간선 完","만월의 날에 관한 미스테리서스펜스","9.80"
"1789","고스트 컴퍼니","악마잡는회사","9.85"
"1790","숲속마을 친구들","개그 로맨스","9.87"
"1791","무색소녀","로맨스아닌데","9.85"
"1792","후원자","어느날 1억이생겼다","9.76"
"1793","[캠핑툰] 햇살이 따스해!","캠핑의 매력에 빠져드는 낭만중년 양동이네의 웃음가득 캠핑 라이프 스토리.","9.75"
"1794","만하생","만화가 지망 문하생의 생활 노트","9.86"
"1795","행월이야기","행월이야기","9.72"
"1796","갱스타즈(Gangstaaz)","힙합/랩만화","9.64"
"1797","그녀 찾아 삼만리","그녀를 찾아서!","9.71"
"1798","도깨비 낭자","도깨비와 도깨비와 사람","9.77"
"1799","뉴트리아","뉴트리아세계","9.68"
"1800","어서옵셔, 식당입니다.","당신이 머문자리는 아름답나요?","9.39"
"1801","유령라이프","잉여로운 유령과 그 친구들이 사는(?) 이야기.","9.86"
"1802","개화여자정보고등학교","여고일상만화","9.80"
"1803","썸씽","연애는 글로 배웠어요.","9.86"
"1804","소원의 조각","하랑이에게소원을!","9.79"
"1805","테임","길들여진.....","9.50"
"1806","마더어스","그들이 원하는 세상","9.49"
"1807","옥탑방마녀","초보마녀의 인간생활적응기","9.80"
"1808","유자의 오늘","소소한 일상","9.86"
"1809","정상 컴플렉스","알고보면 평범한 사람들의 이야기","9.87"
"1810","알트","알트,쉬프트","9.79"
"1811","이런 카페 처음이야","카페 판타지 스릴러","9.87"
"1812","마녀수업","마녀수업","9.86"
"1813","숨은, 고양이 찾기","다시","9.85"
"1814","DAWN 여명 - 트와일라이트 2부","황혼 2부","9.85"
"1815","공부할 시간","엘리트들의 두뇌싸움","9.83"
"1816","길리","길리는 종종 살인충동에 휩싸이곤 한다","9.87"
"1817","트웰브","시간을 지배하는 자가 세상을 지배한다!!","9.83"
"1818","기묘한 책방","특이한 책방이야기","9.85"
"1819","상냥들","캠퍼스 로맨스","9.74"
"1820","빙하기 사람들","코믹스릴러","9.75"
"1821","악마도 의무교육 받습니다!","악마도 받는 의무교육!","9.87"
"1822","커피와 스무디","설탕 한 스푼 소금 한 스푼","9.86"
"1823","얼짱의 이중생활","완결!","9.79"
"1824","장인의 나라","목요일!","9.84"
"1825","블랙보이","용사와 마족","9.76"
"1826","하루달콤 하루쌉싸름","추억 속 음식 이야기","9.86"
"1827","그런 만화가가 있었다","그런 만화가가 있었다.","9.56"
"1828","백설녀와 나무꾼","한국에 사는 동화인들의 이야기. 금요연재.","9.87"
"1829","여동생은 로봇","여동생이 택배로 왔다!! 그런데 여동생은 로봇?","9.80"
"1830","아무래도 좋은 이야기","황당하고 재밌는 이야기들 거기에 감동(?) 까지!","9.67"
"1831","멀리서 보면, 푸른 봄","이십대 드라마","9.86"
"1832","튄공","각기 다른 문제로 제자리에 멈춰버린 네 명의 청춘들, 그들이 만나 길거리 농구대회 우승이라는 목표를 가지고 전국을 여행하기 시작한다.","9.81"
"1833","망자카페","죽음이 그려내는 따뜻하고 슬픈 이야기","9.78"
"1834","디바인 안드로메다","이계 체험기","9.86"
"1835","누설","초능력시대극. 영매들의 새인생 이야기","9.84"
"1836","카니발-Carnival-","느와르 액션물.","9.85"
"1837","사일런스","본격 오컬트 만화!","9.81"
"1838","L.C.S.F","LOVE COMEDY SCIENCE FICTION FANTASY","9.81"
"1839","지구별통신","지구의 어느 곳을 여행하고 보내는, 지구별통신 :)","9.66"
"1840","심해의 조각들","","9.79"
"1841","진지 드셨어요?","아뇨(진지)","9.76"
"1842","못난오리","오리에서 백조로!!!","9.84"
"1843","살인자","누가 살인자인가.","9.86"
"1844","조각일기","하루하루 조각 일기","9.77"
"1845","마스크폴리스","얼굴을 덮어","9.84"
"1846","달래주러 왔습니다","아픔과 치료","9.57"
"1847","짐승의 맛","인간이 되고싶은 냄새나는 물고기, 그리고 천재 조향사","9.82"
"1848","꽃보다 요지경","본격 인문학 웹툰! 꽃보다 요지경!","9.46"
"1849","달콤한 계절","첫사랑 이야기.","9.36"
"1850","흉터","연애만화.","9.86"
"1851","죄를 삼키는 들꽃","'당분간'자유연재","9.78"
"1852","IF","판타지!","9.61"
"1853","아첼레란도","천재가 타고 나는 건, 할 수 있는 ‘재능’이 아니라, 하고자 하는 ‘욕구’이다","9.76"
"1854","그리고 우울증","우울증 생활기","9.86"
"1855","다미:고!","복권홀릭 다미","9.86"
"1856","천사라네","인간과 천사 악마의 이야기","9.81"
"1857","Full Metal Wing","드래곤, 드래곤 라이더 이야기.","9.85"
"1858","스너프 게임","스너프 게임   그림 : 조마피 / 글 : 이썬","9.49"
"1859","신입사원 김용사씨","용사의 현실 적응기","9.86"
"1860","트러블 앤 트리플","평범한 판타지","9.83"
"1861","소년들은 무엇을 하고 있을까","소년들은 무엇을 하고 있을까","9.85"
"1862","스펠 SPELL","초자연적인 대상들과 직면한 보통의 인간들","9.79"
"1863","늘 푸른 찻집","달콤 쌉싸름한 그들만의 청춘이야기","9.85"
"1864","나는 귀신과 결혼했다","가난한 백수 시절 돈 때문에 영혼결혼식을 올린 이수. 그가 귀신을 상대로 이혼 소송을 낸다?!!","9.52"
"1865","아무래도 기사는 아닌 것 같아","생계형 판타지","9.85"
"1866","할라피뇨와 겁쟁이","연애물을가장한무언가","9.83"
"1867","더 캐슬","정치액션 판타지!!","9.74"
"1868","월한강청록","날라리 무당파 도사의 무협기행록","9.86"
"1869","길 위에서","만화가가 되는 길!","9.71"
"1870","나만 모르는 이야기","혼자인 사람들의 이야기","9.79"
"1871","재온","재온 만화집","9.80"
"1872","사랑 사랑 내사랑","희대의왕세자 양녕대군","9.74"
"1873","애플 다이너마이트","본격 러브코미디","9.78"
"1874","앵두야, 연애하자","연애와 삶이 쉬울 수 있을까?","9.85"
"1875","스위치히터","청년백수 구의원이 되다!","9.69"
"1876","취급주의","다섯 아이들의 미친 세상 생존 일기!","9.72"
"1877","미모(美母)를 찾아서","미혼모 이야기","9.88"
"1878","안녕 도쿄","어쩌면 당신이 모르는 도쿄 이야기","9.80"
"1879","LOVE FICTION","사랑, 추억, 흔적.","9.73"
"1880","그곳에우리가있었다","붉은빛깔 우리","9.70"
"1881","사랑해요 누나..","완결!","9.82"
"1882","원 뿔러스 원","뿔달린 녀석들.","9.84"
"1883","언령","나의 말이 그대로 실현된다.","9.41"
"1884","윈드브레이커","스트릿라이더이야기","9.85"
"1885","솔로가 하는 연애","솔로들의 썸씽","9.70"
"1886","바이스","판타지 액션","9.82"
"1887","발로 그린 이야기,","발로 그린 듯!?","9.82"
"1888","백은아란전","소년의 무림생존기!","9.67"
"1889","묘진전","기묘한 동양판타지","9.86"
"1890","치국이야기","치국이야기","9.86"
"1891","숲의노래 : 영혼이 잠드는 숲","귀신,사람,무당,그리고태주...","9.83"
"1892","BREEZE (브리즈)","도깨비감투이야기","9.39"
"1893","쏠쏠한 일기","오질이와 0숙","9.81"
"1894","소년,소녀에게 묻는다.","소소묻","9.45"
"1895","크로우","아자 인터렉티브","9.82"
"1896","평범한 8반","웰메이드 병맛","9.62"
"1897","프리드로우","고등학생 드라마","9.85"
"1898","양말도깨비","함박눈마을에서 벌어지는 사사소소 이야기들","9.86"
"1899","썸툰","달달 혹은 쌉쌀 :)","9.87"
"1900","내가 아는동생은 지금","내아지","9.78"
"1901","몽쥬페","샤프로 싸워라!!","9.86"
"1902","백스쿨","우리아이가 달라졌어요~","9.31"
"1903","정팔이는 엄마","시즌2","9.76"
"1904","공간-空間-","소년 소녀","9.85"
"1905","TWINS","정신없는 쌍둥이","9.70"
"1906","오블리비언","연애스릴러","9.85"
"1907","개솔툰","말도 안돼!~","6.87"
"1908","기기묘묘시리즈","기기묘묘한 옴니버스","9.84"
"1909","철수는영희를사랑해","진짜야?","9.86"
"1910","릴리 키스(Lily Kiss)","소년 장의사 유리의 이야기.","9.74"
"1911","피아타","불사조의 심장을 둘러싼 판타지","9.75"
"1912","안해요씨","내맘대로툰","9.80"
"1913","미스테리 게임","옴니버스 호러 만화","9.72"
"1914","샌드위치를 먹다","순수했던 어린시절 이후 고등학생이 된 그들의 성장과 치유만화","9.62"
"1915","간밧떼 유학생 시즌2","일본 유학생 염모의 유학 생활기","9.61"
"1916","버드맨 (bird-man)","하늘은 날아 댕기는 마술사 지망생","9.68"
"1917","뉴클리어맨","본격 한국 히어로","9.64"
"1918","나는엄마다","고등학생의 나이에 엄마가된 소녀!!","9.83"
"1919","25세 요술공주","시공초월판타지","9.76"
"1920","어느 베개의 이야기","베개. 그 주변 사람들의 삶에 관하여.","9.78"
"1921","샌프란시스코 화랑관","미국 정통 한국 태권도","9.83"
"1922","블랙시저스","★★★★★","9.81"
"1923","신의 언어","신의 언어","9.85"
"1924","콜링 (The Calling)","공지를 확인해주세요^^","9.85"
"1925","마피아 게임","마피아물.","9.85"
"1926","도복리 파이터","환상의 고무술 화랑무와 종합격투기가 싸운다면? 지금 여기 사상최강의 격투기 만화가 시작된다~!!!","9.58"
"1927","다크로드인","어둠왕이 부활했다.","9.86"
"1928","초시공아기 요핸슨!!","기상천외! 명랑귀요미 대행진!!","9.61"
"1929","1 Push H","그 마을의 비밀","9.86"
"1930","달달한 러브파이","과일파이랑꼬마","9.86"
"1931","베어","악의 시대","9.79"
"1932","안녕！후식맨","지구종말판타지","9.83"
"1933","조선의함대","가상의 역사만화","9.56"
"1934","딸기랑 나랑","강아지와 동거하는 독신녀의 유쾌한 일상","9.86"
"1935","외모윤리",".","9.86"
"1936","달세즈","다음웹툰 목요일 연재","9.86"
"1937","꿈속의 하늘","월요일 격주 업데이트","9.86"
"1938","인섹터","모던 판타지 액션 만화입니다.","9.59"
"1939","샌드스톰","자유연재","9.76"
"1940","에렌티","중세판타지","9.71"
"1941","너에게는 그저그런","옆반 1,2등 얘기들음?ㅋ","9.86"
"1942","루비노(Rubino)","다른차원 판타지","9.71"
"1943","신데렐라를 찾습니다 2","초콜릿악마&모몬","9.75"
"1944","잿빛악마","작가가 공군가버렷!","9.85"
"1945","량 -무인정사-","팩션판타지","9.29"
"1946","미쓰토바","백수에서 직장인으로 미쓰토바의 하루일상이야기!두구두구둥!ㅎ 뭐래~","9.78"
"1947","메모리시티-일주일해결사들","기억공존도시판타지","9.79"
"1948","12 (TWELVE)","세상이 감추고 있는 비밀!! 그리고 세계를 지배하는... 어둠의 시작...","9.64"
"1949","브로큰","내가 믿어왔던 모든 것이 부서진다.","9.83"
"1950","달자 다이어리","중학생 달자의 일상이야기","9.03"
"1951","여고생 변신하는 만화","반도의 흔한 여고생","9.86"
"1952","호레","판타지, 액션","9.85"
"1953","요신","액션 판타지 입니다.","9.85"
"1954","낼름씨의 사랑하며 배워가며","초보 유부남의 삶 이야기","9.57"
"1955","더 게이머","게임 캐릭터가 되어 버렸다!","9.85"
"1956","몽중저택","잠이 들 때마다 계속되는 섬뜩한 악몽..","9.85"
"1957","고야의 일상판타지","고야의 일상판타지","9.80"
"1958","병맛극장","가슴이 따뜻해지는 한잔의 병맛같은 이야기들..","9.75"
"1959","괜찮아yo","안괜찮은데 괜찮은척 살아가는 이야기.","9.77"
"1960","렘브란트 블러드","돌연변이의 '제안'","8.70"
"1961","나는 고양이와 살고 있다","필냉이의 고양이 일기","9.85"
"1962","하늘아래 우체부","날개를 다친 제비우체부 카르테로와 꿀벌소녀인 아벨리의 우편배달모험.","9.86"
"1963","밥주세요~","너는벌써먹고있다","9.80"
"1964","이상한 나라의 블레인","현실 롤플레잉","9.84"
"1965","아이엠 슈퍼밴딧","포스트 아폴칼립스에서 살아남아야하는 한 소년의 이야기","9.62"
"1966","메리와 도날드","로맨틱 코미디","9.82"
"1967","HolloW","Witch vs Vampire","9.86"
"1968","황태자의 하루","영국왕자가 실종됐다","9.84"
"1969","그녀는 무사다","명랑 x 불개미","9.46"
"1970","어나더 월드","그들의 이야기","9.85"
"1971","천지해","어린 황룡이 바꿔가는 이야기","9.86"
"1972","수상한 상담소","버림받은 녀석들의 유쾌한 반란!","9.31"
"1973","뮤지션","연습생들의 연애","9.80"
"1974","곰돌이와 길냥이","일상의 공감되는 이야기","9.79"
"1975","히 러브즈 미","그는 나를 사랑하게....될까?","9.52"
"1976","남자들의 수다","남자들도 여자들만큼 수다떤다!","9.71"
"1977","신의 일요일","신의 능력을 가진 초능력자들의 이야기","9.77"
"1978","일리티이아의 심장","‘권력층에게 자유를 빼앗긴 채 인생을 살아온 자’인 마샤와 ‘국가를 위해 희생하였지만 권력층의 이득을 빌미로 부당하게 추방당한 자’인 아리스의 모험 판타지 순정.","9.80"
"1979","아이들은 즐겁다","아이들은 즐겁다","9.86"
"1980","땅 끝에서","땅 끝에서 살아가는 아이들.","9.85"
"1981","천하무적 칠남매","남다른 칠남매의 좌충우돌 가족사랑? 이야기","9.77"
"1982","불새","난 지독한 악몽을 꾸고 있을 뿐이다.","9.62"
"1983","포츈쿠키","지름신 강림!!","9.80"
"1984","연애혁명","개그로맨스","9.87"
"1985","죽고 못사는 남매","남매의 일상생활만화","9.80"
"1986","비 그리고...[리뉴얼]","비와 첫사랑에 대한 이야기","9.68"
"1987","이만오천원이야기","이만원과오천원이야기","9.85"
"1988","어둠이 스러지는 꽃","조그만 노인, 칼을 든 아들, 그리고 어둠","9.86"
"1989","Dead to the world","특이기면증","9.85"
"1990","우리는 우연히 그리고","우리는 우연히 만나고 그 시절을 그린다.","9.85"
"1991","소년, 남자의 이름으로","소년들이 사랑을 알아가는 이야기","9.83"
"1992","김강우이야기","강우의 프랑스 생활기","9.78"
"1993","산타시스템","복합 다양한 산타들의 이야기","9.39"
"1994","겨울성의 백작","어두운척하는개그판타지","9.86"
"1995","왕성고의 흔한 사건","왠지 미묘한 사건이 자주 일어나는 사립 왕성고등학교. 그러한 사건들을 곧잘 해결하는 묘한 학생들이 또 그 곳에 있다.","9.78"
"1996","세 개의 달","판타지 로맨스","9.55"
"1997","데이드림","추억을 기억으로","9.84"
"1998","아프리카의 대장","아프리카 킬러 한국에서 영웅되다.","9.45"
"1999","조선협객유랑기","조선협객유랑기","9.78"
"2000","파블(fable)","저주,축복 판타지","9.86"
"2001","달댕이는 10년차","만난지 10년차 달수와 댕시. 사랑과 의리의 이야기","9.80"
"2002","법칙과 순서의 세계","순서와법칙의 세계에서 살아남는 내용","9.68"
"2003","Circle","있을법한 여고 이야기","9.86"
"2004","내맴툰","내 마음대로 내맴툰","8.96"
"2005","콩담콩담","도란도란소란소란","9.61"
"2006","김강사 이야기","시간강사 김강사 오빠가 들려주는 시사이야기","9.80"
"2007","커서","스릴러 느와르","9.73"
"2008","블로섬 데이즈","초보 선생님과 초보 사회인이될 제자가 같이 성장하는 이야기","9.80"
"2009","달이 내린 산기슭",".","9.78"
"2010","마들레느가 9번지","마들레느가 9번지에선 어떤 향기가 날까?","9.72"
"2011","버츄얼 패밀리","가족 시트콤","9.85"
"2012","엄마왜","엄마,왜?","9.62"
"2013","별을 건너는 방법","이세계 차원 이동물","9.86"
"2014","로맨틱 마블링","로맨스 코미디","9.54"
"2015","비아이 단편집 알콩달콩","알콩달콩 사랑 이야기","9.84"
"2016","너의 HEART를 나에게 줄래?","학원물 로맨스","9.85"
"2017","마니콩","우리들의 일상 생활속 고수가 나타났다!","9.62"
"2018","하루","고맙다. 고맙다. 참말로, 고맙다..._엄한소리","9.67"
"2019","신기록","각종 신들에 대한 이야기","9.86"
"2020","즐거운 생활","웃음의 미학","8.68"
"2021","사사롭지만 좋은 날","사사로운 이야기","9.86"
"2022","인간사이에악마","인악","9.88"
"2023","커튼콜 아래그랑","판타지","9.83"
"2024","NEIGHBORHOOD",".","9.59"
"2025","달리자, 호주!","본격호주워킹만화","9.78"
"2026","[좀비]이게무슨일?","스릴러 판타지","9.44"
"2027","어제 오늘 그리고 내일","과거, 현재, 미래에 대한 이야기","9.86"
"2028","카프그라 증후군","SF단편","9.80"
"2029","바보들의 정원","사랑한다 말할걸","9.78"
"2030","Punky Punky Life","일상의 부조리를 펑크적으로 해결하는 트리오 활극!","9.80"
"2031","뿌바와 친구들","공감, 에피소드, 철학","8.79"
"2032","달달한 하루","달달은 훼이크","9.54"
"2033","루나 온 더 스카이","고등학교 시절의 첫사랑 이야기","9.79"
"2034","구리의 구리구리","에피소드 유머","9.85"
"2035","소미무","소년들의 미션은 무엇일까","9.86"
"2036","바삭바삭한 친구들","과자친구들과 공감하며 웃어주세요:)","9.56"
"2037","오빠 까는 만화","본격 오빠까는만화.","9.85"
"2038","카레카레","이민 카툰에세이","9.64"
"2039","미켈란젤로다빈치","르네상스활극","9.53"
"2040","나비일기","관찰일기","9.83"
"2041","메모리즈 레인","그리운 기억의 흔적을 찾는 소녀의 이야기","9.86"
"2042","사랑후愛","이별 그리고 추억","9.77"
"2043","싸이클로(순환)","순환의 연속","9.31"
"2044","동네변호사 조들호","동네 건달? no! 동네 변호사 조들호!","9.37"
"2045","반마(半魔)","연재중지","9.40"
"2046","그들의 휴일","A씨의 알바이야기","9.76"
"2047","사계절 마법소녀","백수가 된 마법소녀","9.80"
"2048","호밀밭의 하수군","인생의 하수(下手) 지하수(21세)의 뜨거운 성장드라마","9.79"
"2049","엄마는 고슴도치","두딸을둔엄마의일기","9.52"
"2050","세상의 아이들","눈에 귀도(鬼道)가 뚫린 남자의 시선너머의 세상 바라보기.","9.80"
"2051","왕이 산다","판타지 현대 사극","9.81"
"2052","야오네집","살아가는 이야기","9.78"
"2053","블링유에의 텔레파시푸시","블링유에의 텔레파시푸시","8.66"
"2054","뽀짜툰","우리집 똥고양이들을 만나보실래요?","9.85"
"2055","미녀와 마녀","러브 판타지 액션","9.53"
"2056","익스플로러","완결을 향해 달려가고 있습니다.","9.72"
"2057","다시 돌아오는 버스","다시 돌아오는 버스","9.69"
"2058","홍차 한잔 어때요?","홍차 한잔에 로망을 담아...","9.65"
"2059","다크서클","잠을 자고싶은 그의 이야기","9.78"
"2060","전설이었던 사나이 이기평","본격 e-스포츠 만화, 이기평! 최고였던 남자가 다시 돌아온다!","8.73"
"2061","기프트","기프트","9.84"
"2062","나의날","한 저승사자와 그의 아버지 이야기","9.83"
"2063","애플파이","1950년대 오스트리아 청춘들의 이야기","9.64"
"2064","야화","그림자 이야기","9.79"
"2065","EVEN","대한민국 유적에서 발견된 비밀의 미라","9.80"
"2066","학교귀신","귀신 나오는 학교","9.86"
"2067","플린트 락 머스킷","머스킷시대 수인들의 삶과 전투 그리고 영웅","9.78"
"2068","독신으로 살겠다","언닌 독신 스똬일~","9.74"
"2069","아이딜리아","스팀펑크액션","9.48"
"2070","연우퇴마기","연우와 수호령 현우의 퇴마이야기","9.78"
"2071","신데렐라를 찾습니다","희동이&초콜릿악마","9.81"
"2072","워닝사인","소방관이란 호칭을 갖게 된 사람들의 이야기","9.79"
"2073","탈리시아","성장판타지!","9.64"
"2074","핑크표범의 야미어트","맛있는 다이어트, 야미어트(yami-et)","9.80"
"2075","트럼프","리메이크","9.85"
"2076","도전만화가 변봉","만화배틀웹툰","9.69"
"2077","언더그라운드","지하철을 타고 다닌다.","9.71"
"2078","무탄트","돌연변이","9.85"
"2079","스핑크스에이지","재능을 먹는 짐승들의 이야기","9.85"
"2080","스펙트럼 분석기","헤어디자이너와 코미디언의 만남.","9.85"
"2081","될성부른 떡잎","동요서바이벌오디션만화!","9.68"
"2082","유랑민족","유랑민족의 나라건국기.","9.83"
"2083","Freeman Lee","자유인","9.74"
"2084","신단군전","새로운 시작","9.65"
"2085","스페셜 에이전트 이설","엄마는 비밀요원","9.52"
"2086","하양하","불쌍한 어떤 사람","9.86"
"2087","홈스위트홈","무공해 사랑","9.85"
"2088","실연소녀","완결!","9.88"
"2089","돼지코","ㅋㅋㅋㅋㅋ","9.64"
"2090","슷슷","긴 만화","8.99"
"2091","굿 마이 베리 파파.","그녀를 기억해줘요. 그녀의 이름은 나래.","9.75"
"2092","LOST ISLAND","그리고 그 곳엔... 아무도 없었다.","9.77"
"2093","고딩의 사생활","♬","9.85"
"2094","수호령","접령의 체험!","9.01"
"2095","카산드라","트로이의 공주 카산드라 이야기","9.75"
"2096","호랑 호랑이","호랑 호랑이,미야 이야기,인장이,코로코로","9.44"
"2097","seedling","외로운 소녀, 포기한 소년 그리고 헤매는 어른의 이야기","9.83"
"2098","초월(超越)","우리들의 시간","9.79"
"2099","유신기(儒神記)","캐쥬얼사극판타지","9.77"
"2100","피펨즈(FEFEMZ)","외계인과의 일상예능시트콤!","9.33"
"2101","블루베리 옹심이","자연식식당 블루베리 옹심이를 중심으로 일어나는 소소하고 소박한 이야기","9.67"
"2102","댐비야","본격 직장만화!","8.17"
"2103","시궁쥐구멍","By 임주희(본격 사육 조련 판타지 러브로망)","9.80"
"2104","추억이 뭉게뭉게","17년전 10살의 천방지축 코알라 일상속으로 고고 고고 !!","9.43"
"2105","단편 시리즈","이것저것 이야기가 다른 단편들","9.75"
"2106","백수 (百壽)","직장을 잃은 주인공의 미스터리한 사건으로 펼쳐지는 스토리.","8.75"
"2107","유 다아 이야기","_","9.84"
"2108","여름이 끝날 무렵","우와~여름이다~","9.59"
"2109","맛집남녀","고품격 정통 맛집 만화!","9.63"
"2110","오늘부터 파릇파릇!","사회성 ZERO! 무엇하나 쉽지 않은 아이들의 친구 만들기.","9.84"
"2111","원각주","우정과 가족 愛","9.81"
"2112","우리는 고저스맨!","우리는 고저스맨! 2부","9.58"
"2113","불라불라","말콩 말콩 웹툰","9.66"
"2114","트럼프(Trump)","X","9.85"
"2115","「김네몽's 그림일기」-시즌3.육아일기","시즌3. 육아일기!","9.71"
"2116","달팽이 일기","졸업, 그리고 여전히 서툰 성장 이야기","9.84"
"2117","나비가 나타났다","나비,나","9.71"
"2118","크리스탈 레인져","신감각 스펙타클 액션 히어로즈 대서사시","9.57"
"2119","세상에서 가장 행복한 고양이","어느 고양이의 파란만장한 동거~","9.86"
"2120","홍데렐라","현대판 코믹 신데렐라","9.81"
"2121","힛온","남자가 여자로! 일상판타지","9.85"
"2122","토닥토닥 그라피티","성인(?)들을 위한 이야기","9.54"
"2123","The Masque","더 마스크","9.81"
"2124","비행소년","날라리 만화 아님","9.50"
"2125","똥끼네","똥끼네 이야기","9.47"
"2126","드림(DREAM)","새로운 세계로 통하는 문","9.67"
"2127","시한부 사람","SF표방 로맨스","8.98"
"2128","뽀거데이","뽀거데이","9.76"
"2129","광전사령부","밀리터리판타지","9.26"
"2130","아더월드","때는 전국시대","9.39"
"2131","희한한 동물이야기","줄여서 희동이.","9.74"
"2132","터거(turgor)","비정기 자유연재 합니다.","9.38"
"2133","싸이코","왕따 싸이코","9.75"
"2134","오늘의 끝에서 내일을 보다","2020년.. 인류에게는 어떤 일이 일어날 것인가.. 커다란 음모속에 휘말리는 여덟명의 이야기","9.69"
"2135","화니의소금주방","집에서 실천해 봅시다!","9.55"
"2136","저주상인","저주받은 주술사의 여행.","9.76"
"2137","아빠를 찾습니다.","돈이없는 백수와 가족이 없는 여학생의 이야기","9.79"
"2138","금요일","세상에 없던 공포","9.72"
"2139","네로의 실험실","낯선 이야기들","9.82"
"2140","조선좀비","그녀를 지켜야한다!","9.80"
"2141","차원이동전문 환상부동산","판타지 로맨스","9.78"
"2142","수신기 搜神記","무기한 휴재","9.78"
"2143","시큼새큼","학원성장로맨스","9.84"
"2144","그녀는 흡!혈귀","흡혈하는 여자와 흡혈당하는 남자","9.83"
"2145","신령","여덟개의 방울과 여섯나라의 이야기","9.81"
"2146","위아더 능력자!","외쳐ㅋㅋ!","9.82"
"2147","새벽9시","어둠 속에 멈춰버린 시간, 새벽 9시. 오지마을 오왕리의 비밀이 드러난다.","9.79"
"2148","플라잉 스쿼럴 걸","날다람쥐소녀","9.79"
"2149","New 생각대로 양파링","본격 무개념 개그 생활 웹툰 생각대로 그림일기","9.44"
"2150","포션 매니아","약물복용 만화","9.80"
"2151","달콤한 푸른 별","125세기 외계인이 득실대는 지구에서 벌어지는 서부극","9.79"
"2152","이 세계의 마법사","현실속 마법사들의 이야기","9.77"
"2153","LOS","정의로운 사회","9.80"
"2154","사갈(蛇蝎)","한국형 판타지","9.85"
"2155","시밝","안녕","9.84"
"2156","위험한 들개들","해결사들","9.37"
"2157","베이비시터","Yo! Baby Sitter!!","9.73"
"2158","마지막나날들","종말속에서","9.72"
"2159","블로우","블로우로 인해 일어나는 인류의 이야기","9.68"
"2160","동거","평범한학원물","9.80"
"2161","GO","GO","9.72"
"2162","[글레이저]","거울속의나는왼손잡이오 내악수를받을줄모르는-악수를모르는왼손잡이오","9.64"
"2163","라면이야기","후루룩~ 라면이야기! 배고파진다...","9.54"
"2164","땅의 기록","민담 판타지","9.78"
"2165","애정만사","만가지의 사랑이야기...","8.46"
"2166","궁극 고등학교","엘리트한 학생들이 온다!","9.27"
"2167","네셔널 지오캠퍼스","동물들의 대학 생활!","9.78"
"2168","난 누군가 또 여긴 어딘가","옹아리의 모험기","9.63"
"2169","언노운 - (Unknown)","현자 쟁탈전","8.78"
"2170","경계 界","진정한 한국형 도시요괴액션판타지!!","9.66"
"2171","사우나토크","사각의 사우나 안에서 다섯 남자가 말하는 뻘소리","9.68"
"2172","요괴의 순정만화","요괴의 순정","9.58"
"2173","초딩생활","초딩생활","9.75"
"2174","일상공포","무심코 지나쳤던 일들이 나 혹은 다른 사람에게 무서운 일 일수도 있다.","9.32"
"2175","눈의 여왕","나쁜 남자 벗어나기 프로젝트.","9.61"
"2176","천연(天緣)","하늘이 만들어준 인연의 시작","9.78"
"2177","여기까지 살아왔다!","육구가족의 좌충우돌 임신 육아일기입니다","9.16"
"2178","벨루마포스트","레드메카닉","9.71"
"2179","슭이로운생활","슭의 매우 소소한 일상이야기","9.66"
"2180","ONE DAY (원데이)","어느 날, 지구가 망했다. 인간은 죽고, 다시 깨어났다.죽음에서 깨어난 자들은 산자의 절망이 되었다.","9.75"
"2181","[하마탱] 일편단심 하여가","카툰 시트콤: 하마탱의 일편단심 하여가 www.hamatoon.com","9.56"
"2182","십이야(十二夜)","정식 연재일 공지","9.79"
"2183","정씨 남매","정씨남매네 이야기","9.76"
"2184","레사(lessa)","혼을 먹는 자들과 인간의 이야기","9.79"
"2185","Natural Born Idiots","선천적 얼간이들","9.79"
"2186","귀예록","끝나버린 인연을 자르는 자. 어느 귀백의 이야기.","9.79"
"2187","고렘 소환사","SF환탄지 스토리","8.96"
"2188","「 사랑中.. 」","준서랑 연이랑 알콩달콩","9.77"
"2189","여름소년","동화같은 사랑이야기","9.62"
"2190","소똥","계동리에 사는 억순이의 이야기","9.39"
"2191","더 게임","밀실게임 가위바위보","9.70"
"2192","은희공방","공감이야기","9.41"
"2193","창공의 벨로보그","SF 배틀 액션","9.70"
"2194","낭만 house","그럼에도 우리는 이곳에 모였다.","9.75"
"2195","콤플렉스","그들&당신의 이야기","9.79"
"2196","햄스케치","햄스케치","9.33"
"2197","리치+리치","리치가된 만화가","9.78"
"2198","모두에게 완자가","동성애 일상툰","9.72"
"2199","능능","여캐와 남캐 비율을 5:5로 맞추고 싶은 만화","9.78"
"2200","망고맘보","당신의 메마른 인성을 촉촉히 적셔줄 유쾌 상쾌 휴머니즘 코믹스 망고맘보","9.75"
"2201","인디뽀뽀요","슈슈네 가족이 전하는 따뜻한 사랑이야기.","9.59"
"2202","MASQUE","추리스릴러 마스크","9.76"
"2203","라이트닝 플로우","능력자싸움","9.60"
"2204","The Hole","the hole","9.77"
"2205","하리랑에그타르트","빵집노예","9.90"
"2206","사랑사랑사랑","사랑에 웃고 사랑에 울고...그래도 사랑을 한다.","9.84"
"2207","The R.R.H","빨간모자","9.76"
"2208","NoNameD","미스테리학원스릴러","9.78"
"2209","NIHIL DANT","그들의 평범하지 않은 이야기","9.82"
"2210","기사도","액션스릴러!   강도를 잡아야만 하는 나는 도둑이다!","9.76"
"2211","5일의 기적","기간은 5일 그 안에 사랑과 돈을 쟁취하라","9.78"
"2212","알바생생","알바생의 생생한 알바스토리. 실수 많은 시급 4,580원짜리 에피소드 인생!","9.55"
"2213","코코랄라 육아일기","코코의 랄라라~ 신나는 육아웹툰","9.65"
"2214","지나툰","지나의 일상이야기","9.46"
"2215","당신과 나의 귀한 만남","용의 대지를 찾아서 떠나는 이야기","7.77"
"2216","이리안경점","조금은 특별한","9.78"
"2217","지박령 브레이크","지박령이 탈옥했다!","9.79"
"2218","우리동네 세일러문","우리동네 세일러문과 친구들이야기","9.40"
"2219","방랑 청춘기","세명의 청춘거지들의 일상 들여다보기","9.34"
"2220","샤이닝걸","전직 마법소녀들이 마법 아줌마로 뭉쳤다?!","9.76"
"2221","기타맨","기타맨 포츠만이 힘겹게 살아가는 우리를 위로해 준다!!","9.78"
"2222","향일화","죄송합니다.","9.78"
"2223","아이들의 권 선생님","어른과 아이.","9.79"
"2224","아는사람 이야기","소소한 연애담","9.78"
"2225","지구인","멈춰버린 사람들","9.77"
"2226","굿바이 엔젤","은근한 스릴러임","9.75"
"2227","아레나걸스","소녀 검투사 데바의 극한대결!!!","9.74"
"2228","좀비의 순정","좀비의 순정","9.55"
"2229","블래비","소울래빗 블래비","9.71"
"2230","파이브 소울","다중인격소년 이야기","9.62"
"2231","좀비를 위한 나라는 없다","좀비를 위한 나라는 없다","9.66"
"2232","둥근해가떴습니다","고기좋은만화","9.77"
"2233","알타입 프로젝트","상인판타지웹툰","9.39"
"2234","융's 교육일지","순수한 아이들과 보내는 행복한 시간. 유아교사였을 때의 여러 가지 에피소드입니다.","9.55"
"2235","마요네즈참조아","마요네즈참조아","9.68"
"2236","스왓걸스","특수경찰대 [스왓]의 여성들로만 이루어진 스왓걸스의 이야기","9.66"
"2237","헤라디아","4인 파티의 모험","8.81"
"2238","My OH","개성만점 학생들의 오케스트라 만들기","9.78"
"2239","달리자, 콜롬비아!","콜롬비아로 떠나자!","9.78"
"2240","유피씨의 그림일기","그냥 별거없는 유피 이야기","9.53"
"2241","소꿉친구","소꿉친구 러브 스토리","9.75"
"2242","RED STORM","환타지 액션 활극","9.56"
"2243","인형의주인","천하라는 가상의 대륙을 유랑하는 인형의 유랑기","9.25"
"2244","스퓨메어:연기처럼 사라지다","연기처럼 사라지다.","9.73"
"2245","항문미남 랩소디","세상 무엇 보다 아름다운 항문을 가진 남자의 이야기","9.75"
"2246","미친G (미숙한친구는G구인)","매우평범한개그","9.77"
"2247","허당견라이푸 새미","아방강아지 새미의 속 빈 생활","8.79"
"2248","몬스터 삼국지","삼국지 세계에 몬스터가 나타났다.","9.26"
"2249","트론즈","날개 이야기","9.75"
"2250","돈까스","돈 못쓰는 남자 & 까다로운 여자의 러브 스토리","9.69"
"2251","성형애인","그녀가 성형을!?","9.73"
"2252","[월이의] 언니다님의 살빠지는 세상","20만 네티즌 트레이너와 함께하는 언니의 다이어트 프로젝트!!!!","9.71"
"2253","데스티니","안죽어요","9.81"
"2254","코스튬 플레이어 - 란","다른 누구보다 캐릭터 소화력이 뛰어난 '하소연'이 코스튬 플레이를 하면서 겪는 좌충우돌 팡팡 튀는 이야기~!","9.76"
"2255","위로","취하여라. 술에건, 시에건, 그 무엇에건 다만 취하여라.","9.69"
"2256","올리브스쿨(Olive school)","판타지 학원라이프.","9.77"
"2257","옐로우","음악을 사랑하는 사람들의 이야기.","9.74"
"2258","아수라연","무술학당, 그곳의 인연.","9.75"
"2259","오늘도 풀때기","오늘도 풀때기","9.68"
"2260","라이징패스트볼","고교야구만화!","9.59"
"2261","나공댁","저의 소소한 일상입니다.즐겁게 봐주세요 ㅋㅋ^___^","9.66"
"2262","즉석 야구부!","야구부 꼭 살릴꺼야!","9.49"
"2263","더 나이팅게일","의문의 남자에게 파괴당한 나이팅게일 숲. 그곳에서 도망친 렌 카이엔의 복수를 위한 성장 모험기.","9.73"
"2264","3MAN","사고뭉치은행강도","9.58"
"2265","바람이 머무는 난","소녀와 용","9.78"
"2266","유니섹스 (UNISEX)","성 정체성의 고민을 겪는 10대 청소년들의 성장드라마","9.77"
"2267","계란후라이","자취생활3년. 밥은 먹고 다니냐?","9.65"
"2268","낭만두더지 나두","너는사랑을알아?","9.52"
"2269","HOLE","판타지 성장 만화","9.76"
"2270","모니?모니!","모니모니와 함께 별난 판타지 여행을 떠나보아요.","9.21"
"2271","쓰리","저희 쓰리는 고객님이 원하는 물건, 그 어떤 것이든 싹\\\\\\'쓸이\\\\\\'해드립니다~♡","9.59"
"2272","톰캣!","짐승들의 씐나는★ 스쿨라이프(?)","9.76"
"2273","카오스어택","막장히어로개그물","9.76"
"2274","김복길의 blah blah","김복길의 블라블라입니다.","9.50"
"2275","AiMer[에이머]","SF 청춘영웅물!","9.72"
"2276","오리지날 트랙 1","로맨스 스릴러.","9.67"
"2277","허브향기좋은날?SF","행복의 향기","9.76"
"2278","파르카이","판타지 드라마","9.80"
"2279","씨티라이프","그녀의 씨티라이프","9.25"
"2280","지호의 기묘한 원룸","평범한 4컷 만화","9.64"
"2281","둘만의 이야기","일년전 헤어진 그를 다시 만나다","9.77"
"2282","헬퍼","△연재공지△","9.76"
"2283","CORE","완벽한 실패작","9.66"
"2284","언더시티","가상현실게임만화","9.66"
"2285","커피중독자","comics diary ♡","9.39"
"2286","이런 영웅은 싫어","히어로만화가 맞으려나","9.78"
"2287","꽃밭에솔","꽃밭에솔","9.78"
"2288","격투기특성화사립고교 -극지고-","극지고","9.75"
"2289","천년구미호","천년구미호","9.78"
"2290","문댕댕의 Day by day","도도한 레이디의 평범한 하루하루","9.76"
"2291","문아(問我)","동양의학 드라마","9.77"
"2292","Cheap An' Nasty","하류인생","9.74"
"2293","더 호러스(The Horrors)","두치와 뿌꾸패러디","9.70"
"2294","언제나! 별난하루","어린이집 일상만화","9.50"
"2295","Ah!저이야기","연재중단.","9.74"
"2296","달리기","꿈이 없는 사람들을 위한 이야기","9.79"
"2297","빨간봉투","쉽게 돈을 벌 수 있는 대신 소중한 뭔가를 포기해야 한다면?","9.54"
"2298","눈이 초롱초롱 반짝반짝♥","개그만화","9.20"
"2299","GEMMA . 젬마","","9.75"
"2300","천원일기","이런 천마계로 괜찮은가","9.70"
"2301","외눈박이 물고기","황태우","9.74"
"2302","비스캣","Viscat","9.64"
"2303","푸른피의소년","장편 판타지","9.33"
"2304","심심한 마왕","할일 없는 마왕의 심심한 일상","9.76"
"2305","얼룩말","백수 한세태가 우연히 새 룸메를 맞이하며 겪는 이야기.","9.76"
"2306","이단세","가족 학원물","9.79"
"2307","카일룸","악마에 대항해 싸우는 성인(聖人)들의 모험이야기.","9.61"
"2308","키스 마이 라이프(Kiss My Life)","한 소녀가 자신에 대해 알아가는 성장만화","9.79"
"2309","딩스&뚱스","미국에 간 딩스와 뚱스","9.54"
"2310","아이란건","초콜릿을 너무나 좋아하는 아이의 좌충우돌 초콜릿 사수기!!","9.47"
"2311","백야(白夜)","TRIPLE 43013","9.65"
"2312","시골 앤더 시티","소박한 4컷만화","9.73"
"2313","이사모 괴짜가족","엽기발랄 치아교정 스토리","8.89"
"2314","도사랜드","도사들이 사는 세상","9.56"
"2315","타임인조선","철수와 준재의 조선견문록(?!)","9.64"
"2316","그남자의 '!'","운명의 상대와의 이별, 그리고 벌어지는 기묘한 일들","9.52"
"2317","완전한 인간","피아노 만화의 탈을 쓴 발달장애 아동 보육 만화.","9.78"
"2318","디지털브레이커","상상이현실이된다!","9.67"
"2319","[실화] 사랑하니까 시즌4","2030세대의 실제사랑이야기를 바탕으로 제작","9.67"
"2320","헤븐샤워(Heaven Shower)","천국이 쏟아지다.","9.75"
"2321","다른 세상 소년","필승고 악마 신수현","9.55"
"2322","길에서 만나다","함께 걷고 싶은 길, 서울풍경.","9.64"
"2323","레비아탄","사랑하는 당신에게","9.73"
"2324","꽃같은인생","본격 연애물!","9.63"
"2325","괴짜여기숙사","소소한여대기숙사만화","9.77"
"2326","친절한영희씨","본격다직업열혈히로인개그만화","9.60"
"2327","가타리안","누군가를 죽여야 보상이 주어지는 가타리안. 가타리안이 된 한신. 보상을 통한 그의 무한 업그레이드.","7.35"
"2328","괴몽탐정 라로샤","본격드림환타지","9.56"
"2329","잉코무뚜","제국과 마법, 그리고 소수종족 잉코와 무뚜의 이야기","9.57"
"2330","잡았다","그냥 이별 만화.","9.74"
"2331","싸바? 싸바!","쌈바 아니고 싸바 (Ca va?  Ca va!)","9.59"
"2332","LAYERS","학원액션판타지서스펜스로망이능력배틀물","9.71"
"2333","자취방의 금수들","먹어도 먹어도 배고프고, 자도자도 졸린 삶.☆자취하는 금수들의 그림일기☆http://blog.naver.com/npsngs","9.68"
"2334","선인장과 라디오","그들이 말했다.","9.75"
"2335","천체의 성","천체의 성을 지키기 위한 태양소년과 친구들의 모험.","9.55"
"2336","매진녀 밀리케이","매사에 진지한 녀자 밀리케이","9.64"
"2337","Soul Guide -소울 가이드-","저승사자 프로젝트!","9.65"
"2338","마음을 주세요","괴수녀의 마음을 뺏어라.","9.22"
"2339","사신전","사신전","9.73"
"2340","먼지처럼","유난히도 추웠던 그 겨울날의 이야기.","9.53"
"2341","무토 (Muto)","리메이크예정","9.70"
"2342","악마왕의 괴팍한나라","악... 만우절입니다","9.50"
"2343","아스말의 노래","판타지 미스테리 액션 모험","9.53"
"2344","탈(TAL)","by 강임","9.76"
"2345","진부한 로맨스는 영원히.","흔해빠진 사랑타령.","9.79"
"2346","내 어린고양이와 늙은개","인생 견생 묘생","9.76"
"2347","고시생툰","고시생 이야기","9.69"
"2348","혈액형에 관한 간단한 고찰","각자 다른 혈액형들 사이에서 벌어지는 즐거운 에피소드","9.70"
"2349","그라운드 제로","1945년 8월의 이야기","9.72"
"2350","Stupor Mundi","'세계의 경이'","9.59"
"2351","마야","마야","9.16"
"2352","잡초이야기","part 1.농부찬양가","9.67"
"2353","SORRY MAN","우리집에 살인마가 왓다.","9.67"
"2354","관유의 상자세상","현재 예속요를 연재 중입니다.","9.27"
"2355","엔파이터즈","격투 게임의 최고가 되는 그날까지","9.13"
"2356","시간의 섬","마지막 공지","9.67"
"2357","누구세요","고양이라서 미안해","9.62"
"2358","인터뷰","스릴러","6.44"
"2359","아멜리아","유쾌한 일상으로 만들어 가는 청춘의 기록","9.70"
"2360","Scapegoat","Scapegoat","9.63"
"2361","하트먼트","정많은 아파트 이웃사람들과의 우당탕 즐거운 에피소드","9.74"
"2362","HAVEN's","헤이븐","9.41"
"2363","케이쿤 이야기","일상 개그만화","9.38"
"2364","슭의 말년휴가","슭의 군대이야기","9.02"
"2365","페이백 [완]","판타지소년만화","9.45"
"2366","seal","루이","7.98"
"2367","파푸리안","그와그녀","9.54"
"2368","기세기세 (기네스 세계 기록 세우기)","기네스 세계 기록을 세우려는 한 소년의 도전이 시작된다!","9.59"
"2369","컵씨의 마음차","여유만만 티타임","9.66"
"2370","발타인(BALTAINE)","개그RPG만화","9.55"
"2371","사랑의 아쿠아리움","사실개그만화","9.63"
"2372","아이디어맨","순정만화","9.48"
"2373","봄이여 오라","현대판타지로맨스","9.68"
"2374","크리퍼스큘(Crepuscule)","뱀파이어 학원 판타지","9.74"
"2375","어서와","어느 자취생의 이야기","9.82"
"2376","피노키오","그들의발랄한일상생활","9.75"
"2377","잭과콩나물!!","본격 정신나간 콩나물vs잭 격투만화","9.45"
"2378","앜","ㅋ","9.60"
"2379","늑대의성","늑대와 달과 계약자.","9.75"
"2380","스물둘*","유냐 ;)","9.43"
"2381","무령[巫鈴] the kinslayer","인간과 인간이 아닌 자. 그리고 인과율에 따라 그 두 세계를 잇는 소녀의 이야기.","9.74"
"2382","LOST","잃어버린 자들의 이야기.","9.67"
"2383","별의 유언","그가보는이야기","9.69"
"2384","소년전[Limit]","판타지 코믹액션","9.42"
"2385","들어는 보았나! 질풍기획!","오늘을 사는 우리네의 질풍같은 이야기","9.71"
"2386","STUPOR MUNDI","중세역사판타지","9.31"
"2387","그런지(grunge)","밴드만화!","9.69"
"2388","폭력의신","스타일리시 리얼액션","9.62"
"2389","잠이오냐","학원과 집에서 벌어지는 일상 개그만화","9.76"
"2390","이별에서 이별하는 법","이별만화","9.83"
"2391","카페,롤링페이퍼(CAFE,ROLLING PAPER)","그와 내가 진정한 가족이 될 수 있을까?","9.76"
"2392","와일드 (THE WILD)","와일드한 녀석들의 와일드한 만화","8.84"
"2393","안개숲에살다","전생으로 부터의 기다림, 알수없는 운명이 안개숲으로 이끈다.","9.70"
"2394","저스트 나우","하고싶은걸 시작할'때'는 내일도 모래도 아닌 그냥 지금","9.57"
"2395","PWAP(피와피)","피와 피가 얽힌...","9.76"
"2396","방울토마토","민훈이 고딩이야기","9.75"
"2397","옆집화랑","옆집에 화랑이 산다","9.74"
"2398","클래비쇼","초대박 프로젝트","8.88"
"2399","녹색문","녹색문","9.75"
"2400","미친4컷 2010","4컷만화.","9.74"
"2401","오마이레이스(Oh! my lace)","아주 강력한 쇼핑몰이 온다!!!","9.74"
"2402","봄봄","봄봄","9.75"
"2403","내일은 만화왕","본격입시만화만화","9.71"
"2404","낙원이야기","SF샤머니즘","8.18"
"2405","양의 향수병","어른 동화","9.55"
"2406","세가지색 클로버","3가지 인격의 주인공이 펼치는 액션만화~","9.54"
"2407","지구방위 연구소","본격 4컷만화","9.74"
"2408","델리의 말랑말랑","외로워도 슬퍼도 나는 안울어-","9.03"
"2409","자취주부男 만화일기 / 금속문어","금속문어 - 자취주부男 만화일기","9.76"
"2410","마녀가 되다.","도전!도전!","9.63"
"2411","설뫼뎐","바위의 모험이야기!","9.75"
"2412","기적이운다","기적이운다 연재공지","9.39"
"2413","흑색논란","인간과 종(種)이 된 인간들의 전쟁","9.69"
"2414","여자만화[구두]","여자만화","9.74"
"2415","배추걸다이어리","나는야 미녀 배추걸","9.75"
"2416","별과 바람과 꽃길의 왈츠","소년과 소녀의 모험 이야기","9.69"
"2417","YUGA","뭐든지 다 이유가 있는 거 아니겠어?","9.69"
"2418","조선명탐정 진현군","가상국 조선에서 추리세계가 펼쳐진다","9.77"
"2419","라에스토나 (La Estona)","New Estona Project","9.63"
"2420","쳇 세렌디피티","라 돌체비타","9.08"
"2421","개와나","bye~","9.69"
"2422","Guardian","수호자","9.75"
"2423","어쿠스틱라이프",":","9.57"
"2424","스물일곱","감동로맨스","9.56"
"2425","'아동전문' 동화미술학원","요괴와 인간, 최후전선 동화미술학원의 오늘은...","9.70"
"2426","견우와 직녀","견우와 직녀의 또 다른사정","9.57"
"2427","위기의인생","피할 수 없는 위기의 이야기.","8.63"
"2428","달려!!","야구를 사랑하는 고교생들의 이야기.","9.23"
"2429","출동!인간퇴치 사무소","권리찾는 귀신들","9.59"
"2430","스토커","누군가 당신을 지켜보고 있다면?....","9.77"
"2431","포그이야기","포그이야기 Vol.4 - 서른 즈음을 살아가는 사람들의 이야기","8.28"
"2432","철가방 익스프레스","좌충우돌 철가방 시트콤","9.65"
"2433","[울지마]","미르+폭냥 = 울지마","9.64"
"2434","나와너","나와너","9.77"
"2435","블루로맨스(blue romance)","푸릇푸릇한 청춘","9.50"
"2436","낭만다이어리","주낭만을 불러봐. 롸잇나우!","9.21"
"2437","푸른 도마뱀","환타지 만화 입니다.","9.48"
"2438","신의 탑","신의탑","9.73"
"2439","살인자ㅇ난감","물건 파는 것도 아니고 카피는 무슨...","9.65"
"2440","제페토","제페토 할아버지와 피노키오의 휴먼스토리","9.66"
"2441","어느 공대생 이야기","어느 공대생 이야기","9.68"
"2442","우리가 흘린 메모지들","판타지 휴머니즘, 드라마 단편선","9.57"
"2443","사랑을 주세요","사랑을 주세요","9.67"
"2444","참 잘했어요!","참 잘했어요!","9.67"
"2445","Penguin loves Mev","한국여자, 영국남자.","9.76"
"2446","스페이스 차이나드레스","코믹SF무협","9.63"
"2447","까마귀의 편지","까마귀의 편지","9.61"
"2448","환상주사위","환상학원모험물","9.69"
"2449","파란만장 꼬무신 일지","기다리는 것이 아니라 사랑하는 것이다.","9.20"
"2450","곰팅이의 하늘우체통","사랑많고 마음따뜻한 곰팅이가 들려주는 세상에서 가장 아름다운 이야기","9.57"
"2451","보보니이야기","사랑.우정.인생에 관련된 이야기","9.76"
"2452","귀신이보이다1(막장녀의일기)","주인공 왕추자에게 귀신이 보이기 시작한다","9.55"
"2453","스마일브러시","스마일브러시","9.70"
"2454","BEST WAY","BEST WAY","9.48"
"2455","서머너즈","Playing English","9.54"
"2456","[그녀의 비무다]","무림 다이어리","9.68"
"2457","[야메떼 오이상]","실연당한 찌질이 백수의 여자친구 되찾기!","9.63"
"2458","너땜에 찬란한 내인생!","상큼 러브판타지♡","9.64"
"2459","폭풍의전학생","살아남는게목적임","9.69"
"2460","특수 영능력 수사반","특영반","9.72"
"2461","무차별 소년소녀","놀고 있어요.","9.77"
"2462","러비츠","신입디자이너 러빗의 좌충우돌 성장기","9.34"
"2463","Captor","열등감에 사로잡힌 사람들의 이야기.","9.76"
"2464","죽음의 섬","미스터리전쟁공포 스릴러 - 죽음의 섬. 남양군도   연기가 피워 오르면 병사들이 죽는다. 왜?","9.66"
"2465","아무것도 아니에요","말하기어려운 마음한부분의 이야기","9.69"
"2466","우리이모 이야기","젊음과 끼를 주체 못하는 우리 이모 <제란>과  가족들의 이야기","9.50"
"2467","신부의 조각","평범한 듯 평범하지 않은 일기(?) 일까나... 장르는 아직 고민중","9.67"
"2468","CELL","우리는 언젠가 죽습니다. 단지 그 때를 우리 마음대로 할수 없을 뿐이죠.","9.60"
"2469","낯선자들의 보고서","다른이들의 시선으로 본 이방인","9.54"
"2470","확률","세 사람","9.53"
"2471","써라 그림일기","그림일기","9.23"
"2472","CARNIVAL","준비중","9.52"
"2473","고슴도치","평범한 사람들의 평범한 이야기.","9.50"
"2474","넌 죽었다.","평범한 일상에 찾아온 비극","9.56"
"2475","콘스탄쯔 이야기 | 지민양 이야기","팩션 다큐멘터리","9.68"
"2476","저승의 간섭","저승사자와 귀신들의 요절복통 코믹 호러 저승토크쇼!","9.66"
"2477","[수잉츄|CRAZY CRAYON]","망상쟁이 망상일기 '크레이지 크레용'","9.71"
"2478","스턴건","경찰은 5분거리에 있다","9.46"
"2479","너무 예쁜 거 아니니 꼬무야","사람은 고양이처럼 고양이는 사람처럼","9.67"
"2480","3월의 토끼","신년 특집단편","9.73"
"2481","한줄기 빛","병태의 영화제작 푸로젝트","9.39"
"2482","웬일이니!!!","키득하며 웃을때까지 도전하는 만화!!","9.59"
"2483","아스란영웅전","용을 물리친 용사의 이야기","9.67"
"2484","이명충(耳鳴蟲)","미스테리 스릴러","9.61"
"2485","작살패러디","작살패러디","9.13"
"2486","크레파스","깔깔깔~","9.77"
"2487","Find(파인드)","10화 11/16 업뎃","9.66"
"2488","부탁해요-! 곰씨!","이별후에 오는것들","9.77"
"2489","인간사육일지","육일지네 가족이야기","9.67"
"2490","조립식","조립식","8.72"
"2491","청소년들의 사랑","이상한 순정만화","9.62"
"2492","오래된 노래","소나기와 함께 찾아 온 첫사랑의 기억","9.51"
"2493","케미스트리","누와르noir","9.67"
"2494","소설가J","어두운 지하실, 그 곳에 당신을 기다리고 있는 J가 있다","9.70"
"2495","고!고!루키루!","루키루!와 함께 즐거운 하루 보내세요!!!","9.69"
"2496","MASK BOY","MASK BOY","9.55"
"2497","안개의 시","우린 어쩌면 안개속에서 길을 잃어 헤매고 있는 건지도 몰라.","9.73"
"2498","[H愛TE]","박성철","9.63"
"2499","MODEL (모델)","'도전 수퍼모델' 같은 이야기를 생각하신다면... 좀 민망합니다. 후후;;;","8.14"
"2500","인디언","내가 어릴적에...","9.76"
"2501","놓지마정신줄","본격 유체이탈 예방프로젝트 웹툰","9.43"
"2502","어른스러운 철구","공상 비과학 만화 <어른스러운 철구>","9.68"
"2503","k-9 (canine)","good man's report","9.78"
"2504","미미의일상","4차원밥맛소녀!","9.47"
"2505","블랙마리아","블랙마리아","9.17"
"2506","도치생각","고슴도치처럼 변해버린 사람의 세상사는 이야기.","9.33"
"2507","흐드러지다","황제암살을 둘러싼 음모와 배신, 그리고 비극","9.73"
"2508","개판","투견 바울의 이야기","9.69"
"2509","그리고 그들은","타인에 의한 상처와 치유, 그 경계에서 행복한 결말을 꿈꾸는 이들의 이야기","9.57"
"2510","그린스마일","멸종위기에 처한 야생동물의 환경이야기","9.55"
"2511","무당벌레꼬린야","행복,나눔,일상","9.44"
"2512","실질객관동화","당연한 이야기,들어보시겠습니까?","9.75"
"2513","<지금우리학교는>","조용했던 학교..한순간에 핏빛으로 물들고....우린 갈데가 없다!!","9.72"
"2514","마루여고","평범하지만 기억에 남는 여고의 일상생활을 소재로 한 만화, 마루여고입니다! :)","9.72"
"2515","평범한 하루","평범한 하루","9.77"
"2516","눅쓰의 일기","눅쓰의 별볼일없는 일상들속의 이야기","8.92"
"2517","나이트런(knight run) 고화질 리테이크","우주+기사+검+고화질 재업","9.77"
"2518","판다독","우리의 소심청년 판다독! 디자이너 판다독의 일상과 회사 동료, 친구 그리고 가족 이야기를 통해 우리의 모습을 들여다 보세요.","9.41"
"2519","기억을 만드는 여자","안녕하세요 스튜디오 로프트입니다. http://cafe.naver.com/studioloft","6.58"
"2520","Day to Day","데투데","9.81"
"2521","엘레프","※예수시대의 제사장을 주인공으로 한 만화입니다.특정 종교를 폄하하려는 의도로 그려진 것이 아님을 미리 말씀드립니다. ---------","9.73"
"2522","묵회","즐겁게 보아주세요. http://bongdal.org","9.39"
"2523","가족사진","미스테리 가족드라마","8.87"
"2524","연옥님이 보고계셔","언제 어디서나 어떻게든 나를 보고 있는 존재라면.","9.62"
"2525","스쿨라이프","스쿨라이프","9.37"
"2526","이그니션","후기","8.04"
"2527","천짜의 동동다리","설렘없는 날 찾아오는 봄날의 진눈깨비, 천짜의 아으동동다리","7.02"
"2528","블랙젤리","젠체의 일상속으로...","6.75"
"2529","다이어트 뻬띠슈","다이어트하는 돼지의 슬프도록 아름다운 스토리","7.74"
"2530","[실화] 사랑하니까 시즌1","사랑하니까는 20대의슬픈사랑이야기에 올라온 사연을 바탕으로 만든 카툰에세이 입니다","9.76"
"2531","스풍동산","꿈과 희망의 스풍동산","7.20"
"2532","도레미친만화","대게 실화이거나 팬분들이 보내주신 소재를 가지고 만화를 그립니다.","6.96"
"2533","반쪽짜리 이야기","반쪽짜리 이야기","8.45"
"2534","야도닷껌","야도닷껌","5.52"
"2535","포토쥬스","누똥바의 포토쥬스","6.40"
"2536","김모군의 일기","김모군의 일기","7.17"
"2537","[지냥이] 친절한 '공익'씨","공감개그만화","5.15"
