"","x"
"1","역삼아레나빌딩"
"2","37.501087"
"3","127.043069"
"4","서울특별시 강남구 언주로 425 (역삼동)"
"5","02-568-3762"
"6","논현역사거리"
"7","37.510178"
"8","127.022223"
"9","서울특별시 강남구 강남대로 538 (논현동)"
"10","02-3442-3672"
"11","국기원사거리"
"12","37.499517"
"13","127.031495"
"14","서울특별시 강남구 테헤란로 125 (역삼동)"
"15","02-568-3668"
"16","대치대원빌딩R"
"17","37.494668"
"18","127.062583"
"19","서울특별시 강남구 남부순환로 2947 (대치동)"
"20","02-568-3704"
"21","삼성역섬유센터R"
"22","37.507750"
"23","127.060651"
"24","서울특별시 강남구 테헤란로 518 (대치동)"
"25","02-568-3648"
"26","압구정R"
"27","37.5273669"
"28","127.033061"
"29","서울특별시 강남구 언주로 861 (신사동)"
"30","02-541-3622"
"31","수서역R"
"32","37.488008"
"33","127.102650"
"34","서울특별시 강남구 광평로 281 (수서동)"
"35","02-6181-3688"
"36","양재강남빌딩R"
"37","37.485192"
"38","127.036685"
"39","서울특별시 강남구 남부순환로 2621 (도곡동)"
"40","02-571-3604"
"41","선릉동신빌딩R"
"42","37.505321"
"43","127.050409"
"44","서울특별시 강남구 테헤란로 409 (삼성동)"
"45","02-2051-3562"
"46","봉은사로선정릉"
"47","37.511293"
"48","127.048409"
"49","서울특별시 강남구 봉은사로 446 (삼성동)"
"50","02-539-3564"
"51","강남오거리"
"52","37.502117"
"53","127.026672"
"54","서울특별시 강남구 봉은사로2길 39 (역삼동)"
"55","02-557-3484"
"56","스타필드코엑스몰R"
"57","37.50999"
"58","127.061455"
"59","서울특별시 강남구 영동대로 513 (삼성동)"
"60","02-6002-3467"
"61","강남구청정문"
"62","37.518181"
"63","127.045995"
"64","서울특별시 강남구 학동로 419 (청담동)"
"65","02-514-3397"
"66","도곡공원"
"67","37.492805"
"68","127.041309"
"69","서울특별시 강남구 도곡로 205 (역삼동)"
"70","02-565-3496"
"71","강남R"
"72","37.497711"
"73","127.028439"
"74","서울특별시 강남구 강남대로 390 (역삼동)"
"75","02-561-3478"
"76","대치은마사거리"
"77","37.498973"
"78","127.060172"
"79","서울특별시 강남구 도곡로 457 (대치동)"
"80","02-554-3315"
"81","청담영동대로"
"82","37.522156"
"83","127.056449"
"84","서울특별시 강남구 영동대로 720 (청담동)"
"85","02-3443-3371"
"86","압구정"
"87","37.526283"
"88","127.029560"
"89","서울특별시 강남구 압구정로30길 17 (신사동)"
"90","02-541-3306"
"91","신사가로수"
"92","37.521852"
"93","127.022510"
"94","서울특별시 강남구 압구정로12길 32 (신사동)"
"95","02-3446-3356"
"96","청담스타R"
"97","37.525216"
"98","127.041827"
"99","서울특별시 강남구 도산대로57길 24 (청담동)"
"100","02-514-3364"
"101","강남우성"
"102","37.492396"
"103","127.030910"
"104","서울특별시 강남구 강남대로 328 (역삼동)"
"105","02-565-3347"
"106","학동사거리"
"107","37.52236449999999"
"108","127.03795430000002"
"109","서울특별시 강남구 도산대로 328 (논현동) HS빌딩"
"110","02-758-8971"
"111","대치사거리"
"112","37.503331"
"113","127.058817"
"114","서울특별시 강남구 삼성로 402 (대치동)"
"115","02-561-3287"
"116","포스코사거리"
"117","37.5075307"
"118","127.05742710000004"
"119","서울특별시 강남구 테헤란로 505 (삼성동) 화진빌딩"
"120","02-554-3235"
"121","을지병원사거리"
"122","37.5191632"
"123","127.0286446"
"124","서울특별시 강남구 논현로 752 (논현동,구산빌딩)"
"125","02-758-8896"
"126","신사역"
"127","37.5162021"
"128","127.0207428"
"129","서울특별시 강남구 도산대로 108 (논현동) 렉스타워"
"130","02-758-8848"
"131","도곡역"
"132","37.492167"
"133","127.057398"
"134","서울특별시 강남구 남부순환로 2909 (대치동)"
"135","02-758-8809"
"136","서울세관사거리"
"137","37.514887"
"138","127.035653"
"139","서울특별시 강남구 언주로 650 (논현동) 한국건설기술인협회"
"140","02-758-8798"
"141","청담사거리"
"142","37.5236351"
"143","127.04686509999999"
"144","서울특별시 강남구 도산대로 458 (청담동) 리츠타워"
"145","02-758-8726"
"146","한티역"
"147","37.496801"
"148","127.055055"
"149","서울특별시 강남구 도곡로 408, 디마크빌딩 101호 (대치동)"
"150","02-758-8683"
"151","역삼초교사거리"
"152","37.4941059"
"153","127.03299730000003"
"154","서울특별시 강남구 역삼로 123 (역삼동)"
"155","02-758-8739"
"156","코엑스몰"
"157","37.511921"
"158","127.059024"
"159","서울특별시 강남구 영동대로 513 (삼성동) 코엑스"
"160","02-758-8733"
"161","가로수길"
"162","37.5231593"
"163","127.02162499999997"
"164","서울특별시 강남구 논현로175길 94, 1~2층 (신사동)"
"165","02-758-8661"
"166","역삼대로"
"167","37.501623"
"168","127.039375"
"169","서울특별시 강남구 테헤란로 211, 한국고등교육재단빌딩 1층 (역삼동)"
"170","02-758-8626"
"171","역삼포스코"
"172","37.499721"
"173","127.033582"
"174","서울특별시 강남구 테헤란로 134, P&S TOWER (역삼동)"
"175","02-758-8631"
"176","강남대로"
"177","37.50314"
"178","127.025546"
"179","서울특별시 강남구 강남대로 456, 한석타워 2층 1-2호 (역삼동)"
"180","02-758-8624"
"181","청담"
"182","37.5243631"
"183","127.05155990000003"
"184","서울특별시 강남구 도산대로 532, 인희빌딩 1층 (청담동)"
"185","02-758-8659"
"186","삼성도심공항"
"187","37.5097863"
"188","127.05791339999996"
"189","서울특별시 강남구 테헤란로87길 33 (삼성동)"
"190","02-758-8635"
"191","삼성교"
"192","37.507794"
"193","127.06517"
"194","서울특별시 강남구 영동대로86길 12, ,9,10번지 동남유화빌딩 (대치동)"
"195","02-758-8592"
"196","학동역"
"197","37.51464884"
"198","127.0307302"
"199","서울특별시 강남구 논현로 704 (논현동)"
"200","02-758-8101"
"201","대치"
"202","37.49966175"
"203","127.0622171"
"204","서울특별시 강남구 도곡로 511 (대치동)"
"205","02-758-8063"
"206","기술센터"
"207","37.50329211"
"208","127.0436409"
"209","서울특별시 강남구 테헤란로 305, 한국기술센터 1층 (역삼동)"
"210","02-6009-3410"
"211","SSG마켓도곡R"
"212","37.490298"
"213","127.054895"
"214","서울특별시 강남구 언주로30길 57, 타워팰리스Ⅱ F 지하1층 (도곡동)"
"215","02-2191-1219"
"216","삼성"
"217","37.50703529"
"218","127.0555503"
"219","서울특별시 강남구 테헤란로 443, 애플트리타워 1층 (삼성동)"
"220","02-758-8038"
"221","선릉세화빌딩"
"222","37.50377562"
"223","127.051196"
"224","서울특별시 강남구 테헤란로64길 18, 세화빌딩 1층 (대치동)"
"225","02-758-8028"
"226","압구정역"
"227","37.52674095"
"228","127.0281105"
"229","서울특별시 강남구 압구정로 170, 관영빌딩 1층 지하1층 (신사동)"
"230","02-758-8013"
"231","압구정로"
"232","37.52680046"
"233","127.0347174"
"234","서울특별시 강남구 압구정로42길 32 (신사동)"
"235","02-758-8231"
"236","구역삼사거리"
"237","37.49592355"
"238","127.0388645"
"239","서울특별시 강남구 논현로 401 (역삼동)"
"240","02-758-8247"
"241","큰길타워"
"242","37.50236693"
"243","127.0407"
"244","서울특별시 강남구 테헤란로 223, 큰길타워빌딩 (역삼동)"
"245","02-758-8116"
"246","강남구청역"
"247","37.5165849"
"248","127.04124330000002"
"249","서울특별시 강남구 선릉로 669, 웰빙센터 1층 (논현동)"
"250","02-758-8119"
"251","대치역"
"252","37.493554"
"253","127.061874"
"254","서울특별시 강남구 남부순환로 2936, 원플러스 상가107호 (대치동)"
"255","02-758-8120"
"256","포이"
"257","37.47781106"
"258","127.0451411"
"259","서울특별시 강남구 논현로 88 (개포동)"
"260","02-758-8122"
"261","아크플레이스"
"262","37.49971982"
"263","127.0349084"
"264","서울특별시 강남구 테헤란로 142 (역삼동)"
"265","02-758-8158"
"266","학여울역"
"267","37.49803646"
"268","127.0684943"
"269","서울특별시 강남구 영동대로 215 (대치동)"
"270","02-758-8151"
"271","선정릉역"
"272","37.51075489999999"
"273","127.04455970000003"
"274","서울특별시 강남구 봉은사로 407 (삼성동) 에프오빌딩"
"275","02-758-8970"
"276","삼성현대힐"
"277","37.51354184"
"278","127.0527183"
"279","서울특별시 강남구 삼성로 605 (삼성동)"
"280","02-758-8278"
"281","GS타워"
"282","37.5018592"
"283","127.03727759999992"
"284","서울특별시 강남구 논현로 508 (역삼동)"
"285","02-758-8129"
"286","압구정미소"
"287","37.52405601"
"288","127.027915"
"289","서울특별시 강남구 논현로 841 (신사동)"
"290","02-758-8109"
"291","선릉역"
"292","37.50393894"
"293","127.0485135"
"294","서울특별시 강남구 테헤란로 334, LG화재 빌딩 (역삼동)"
"295","02-758-8108"
"296","수서"
"297","37.48801132"
"298","127.1017508"
"299","서울특별시 강남구 밤고개로1길 10 (수서동) 수서현대벤쳐빌 지하2층"
"300","02-758-8165"
"301","코엑스사거리"
"302","37.515351"
"303","127.060109"
"304","서울특별시 강남구 영동대로 616 (삼성동)"
"305","02-758-8478"
"306","역삼럭키"
"307","37.492209"
"308","127.039389"
"309","서울특별시 강남구 도곡로 183 (역삼동)"
"310","02-758-8463"
"311","차병원사거리"
"312","37.508032"
"313","127.035373"
"314","서울특별시 강남구 봉은사로 213, 센트럴타워 (논현동)"
"315","02-758-8444"
"316","청담공원"
"317","37.5186549"
"318","127.05143870000006"
"319","서울특별시 강남구 학동로 506 (삼성동)"
"320","02-758-8394"
"321","신압구정"
"322","37.528115"
"323","127.036441"
"324","서울특별시 강남구 언주로174길 29 (신사동)"
"325","02-758-8398"
"326","아크로힐스논현"
"327","37.50898041"
"328","127.0403869"
"329","서울특별시 강남구 봉은사로 304, 금강빌딩 1-2층 (역삼동)"
"330","02-758-8317"
"331","뱅뱅사거리"
"332","37.488585"
"333","127.032415"
"334","서울특별시 강남구 강남대로 282 (도곡동)"
"335","02-758-8325"
"336","강남비젼타워"
"337","37.4964557"
"338","127.02968850000002"
"339","서울특별시 강남구 테헤란로2길 27, 1층 101호 (역삼동)"
"340","02-758-8492"
"341","역삼역"
"342","37.50080096"
"343","127.0351577"
"344","서울특별시 강남구 테헤란로 145, 우신빌딩 1층 (역삼동)"
"345","02-758-8314"
"346","압구정로데오역"
"347","37.526549"
"348","127.040437"
"349","서울특별시 강남구 선릉로 836, 삼원빌딩 1,2층 (청담동)"
"350","02-758-8345"
"351","르네상스사거리"
"352","37.502721"
"353","127.044308"
"354","서울특별시 강남구 테헤란로 306 (역삼동)"
"355","02-758-8321"
"356","포스코"
"357","37.50576"
"358","127.057966"
"359","서울특별시 강남구 삼성로86길 7, 1층 (대치동)"
"360","02-758-8331"
"361","선릉로"
"362","37.505053"
"363","127.046577"
"364","서울특별시 강남구 선릉로93길 22, 대흥빌딩 1층 (역삼동)"
"365","02-758-8552"
"366","삼성역"
"367","37.510015"
"368","127.063864"
"369","서울특별시 강남구 테헤란로103길 9 (삼성동)"
"370","02-758-8585"
"371","논현힐탑"
"372","37.5115577"
"373","127.03226199999994"
"374","서울특별시 강남구 논현로 648 (논현동)"
"375","02-758-8426"
"376","도산가로수길"
"377","37.51736229999999"
"378","127.02329570000006"
"379","서울특별시 강남구 도산대로 134, 2층 (논현동)"
"380","02-758-8429"
"381","미아뉴타운"
"382","37.618319"
"383","127.021072"
"384","서울특별시 강북구 삼양로 161 (미아동)"
"385","02-980-3341"
"386","강북구청사거리"
"387","37.6400354"
"388","127.0273766"
"389","서울특별시 강북구 도봉로 365 (수유동)"
"390","02-758-8944"
"391","미아사거리역"
"392","37.611809"
"393","127.0306971"
"394","서울특별시 강북구 도봉로 32 (미아동)"
"395","02-758-8859"
"396","수유역"
"397","37.6380167"
"398","127.02613500000007"
"399","서울특별시 강북구 도봉로 342 (번동)"
"400","02-758-8104"
"401","미아역"
"402","37.626148"
"403","127.026578"
"404","서울특별시 강북구 도봉로 196 (미아동)"
"405","02-758-8500"
"406","발산역사거리"
"407","37.558597"
"408"," 126.835359"
"409","서울특별시 강서구 공항대로 248 (마곡동)"
"410","02-2661-3792"
"411","우장산역"
"412","37.549501"
"413","126.835984"
"414","서울특별시 강서구 강서로 267 (내발산동)"
"415","02-2664-2624"
"416","마곡사이언스타워R"
"417","37.561492"
"418","126.833954"
"419","서울특별시 강서구 마곡동로 62 (마곡동)"
"420","02-2659-3585"
"421","방화DT"
"422","37.574339"
"423","126.816415"
"424","서울특별시 강서구 방화대로 375 (방화동)"
"425","02-2664-3480"
"426","마곡나루역"
"427","37.56813"
"428","126.82614"
"429","서울특별시 강서구 마곡중앙로 161-17 (마곡동)"
"430","02-3662-3504"
"431","마곡GMG"
"432","37.560487"
"433","126.829667"
"434","서울특별시 강서구 마곡중앙6로 16 (마곡동) 117,118,119,120호"
"435","02-2659-3404"
"436","가양역"
"437","37.561640"
"438","126.853327"
"439","서울특별시 강서구 양천로 476 (등촌동)"
"440","02-3661-3418"
"441","화곡DT"
"442","37.535149"
"443","126.863232"
"444","서울특별시 강서구 등촌로 57 (화곡동)"
"445","02-2648-3257"
"446","양천향교역"
"447","37.566964"
"448","126.840731"
"449","서울특별시 강서구 강서로 463 (마곡동)"
"450","02-2658-3312"
"451","화곡동"
"452","37.5405115"
"453","126.8372413"
"454","서울특별시 강서구 화곡로 142(화곡동)"
"455","02-758-8881"
"456","등촌"
"457","37.5582043"
"458","126.84433919999992"
"459","서울특별시 강서구 공항대로 329 (등촌동)"
"460","02-758-8883"
"461","염창역"
"462","37.547359"
"463","126.874436"
"464","서울특별시 강서구 공항대로 627 (염창동)"
"465","02-758-8694"
"466","발산역"
"467","37.56033"
"468","126.839279"
"469","서울특별시 강서구 강서로 388 (등촌동) 그랜드마트"
"470","02-758-8720"
"471","가양이마트"
"472","37.5578966"
"473","126.86229779999996"
"474","서울특별시 강서구 양천로 559, 가양이마트 1층 (가양동)"
"475","02-758-8070"
"476","까치산역"
"477","37.532303"
"478","126.846077"
"479","서울특별시 강서구 강서로13길 3 (화곡동)"
"480","02-758-8538"
"481","낙성대역"
"482","37.477980"
"483","126.961246"
"484","서울특별시 관악구 남부순환로 1908 (봉천동)"
"485","02-882-3794"
"486","관악서울대입구R"
"487","37.479343"
"488","126.952780"
"489","서울특별시 관악구 관악로 158 (봉천동)"
"490","02-883-3725"
"491","신림DT"
"492","37.480935"
"493","126.908407"
"494","서울특별시 관악구 남부순환로 1419 (신림동)"
"495","02-851-3283"
"496","서울대역"
"497","37.481599"
"498","126.952200"
"499","서울특별시 관악구 남부순환로 1817 (봉천동)"
"500","02-876-3252"
"501","낙성대DT"
"502","37.476169"
"503","126.965005"
"504","서울특별시 관악구 남부순환로 1948 (봉천동)"
"505","02-872-3249"
"506","사당"
"507","37.47601"
"508","126.980997"
"509","서울특별시 관악구 남부순환로 2082-25"
"510","02-758-8721"
"511","보라매대교"
"512","37.491449"
"513","126.925432"
"514","서울특별시 관악구 보라매로3길 23, 대교빌딩 1층 (봉천동)"
"515","02-758-8629"
"516","신림사거리"
"517","37.484768"
"518","126.930467"
"519","서울특별시 관악구 남부순환로 1619 (신림동)"
"520","02-758-8645"
"521","신림"
"522","37.48609493"
"523","126.9291602"
"524","서울특별시 관악구 신림로 355-1 (신림동)"
"525","02-758-8290"
"526","신림역포도몰"
"527","37.48385383"
"528","126.9301799"
"529","서울특별시 관악구 신림로 330, PODO MALL 1층 101 일부 (신림동)"
"530","02-758-8286"
"531","서울대입구역"
"532","37.48118"
"533","126.951324"
"534","서울특별시 관악구 남부순환로 1812 (봉천동)"
"535","02-758-8460"
"536","건국대"
"537","37.5415592"
"538","127.0711244"
"539","서울특별시 광진구 능동로 117 (화양동)"
"540","02-3409-3722"
"541","어린이대공원역"
"542","37.551946"
"543","127.076404"
"544","서울시 광진구 능동로243"
"545","02-464-3656"
"546","아차산역"
"547","37.5505388"
"548","127.0898757"
"549","서울시 광진구 천호대로 676"
"550","02-455-3637"
"551","올림픽대교북단"
"552","37.541129"
"553","127.095240"
"554","서울특별시 광진구 광나루로 608 (구의동)"
"555","02-453-3514"
"556","구의DT"
"557","37.5451984"
"558","127.0871587"
"559","서울특별시 광진구 광나루로 519 (구의동)"
"560","02-758-8901"
"561","자양사거리"
"562","37.5371158"
"563","127.0825821"
"564","서울특별시 광진구 아차산로 355"
"565","02-758-8865"
"566","군자역"
"567","37.556703"
"568","127.078916"
"569","서울특별시 광진구 천호대로 548 (군자동) 중앙빌딩"
"570","02-758-8748"
"571","광나루"
"572","37.547442"
"573","127.105934"
"574","서울특별시 광진구 아차산로 607, 1,2층 (광장동)"
"575","02-758-8648"
"576","건대스타시티"
"577","37.53780432"
"578","127.0725451"
"579","서울특별시 광진구 아차산로 262 (자양동)"
"580","02-758-8197"
"581","자양"
"582","37.5354769"
"583","127.06914619999998"
"584","서울특별시 광진구 능동로 50 (자양동)"
"585","02-758-8159"
"586","강변역"
"587","37.536155"
"588","127.093086"
"589","서울특별시 광진구 구의강변로 64 (구의동) 구의아크로리버"
"590","02-758-8759"
"591","건대입구"
"592","37.5406604"
"593","127.07072249999999"
"594","서울특별시 광진구 능동로 107 (화양동)"
"595","02-758-8305"
"596","구의역"
"597","37.53698"
"598","127.084015"
"599","서울특별시 광진구 아차산로 373 (구의동)"
"600","02-758-8476"
"601","광장"
"602","37.542857"
"603","127.099789"
"604","서울특별시 광진구 아차산로 537-17 (광장동)"
"605","02-758-8508"
"606","건국클래식"
"607","37.53838"
"608","127.070709"
"609","서울특별시 광진구 능동로 90 (자양동) 더 클래식500"
"610","02-758-8519"
"611","가산에스케이"
"612","37.48061318"
"613","126.8805702"
"614","서울특별시 금천구 가산디지털1로 171 (가산동)"
"615","02-6244-8046"
"616","독산사거리"
"617","37.471511"
"618","126.898775"
"619","서울특별시 금천구 시흥대로 426 (독산동)"
"620","02-838-3444"
"621","금천시흥"
"622","37.448624"
"623","126.903183"
"624","서울특별시 금천구 시흥대로 164 (시흥동)"
"625","02-805-3360"
"626","가산디지털단지역"
"627","37.481324"
"628","126.883779"
"629","서울특별시 금천구 벚꽃로 298 (가산동)"
"630","02-2083-8302"
"631","금천독산"
"632","37.46914"
"633","126.895246"
"634","서울특별시 금천구 두산로 70 (독산동)"
"635","02-758-8765"
"636","가산디지털"
"637","37.4798346"
"638","126.88249969999992"
"639","서울특별시 금천구 가산디지털1로 168 (가산동)"
"640","02-758-8147"
"641","W-Mall"
"642","37.47730499"
"643","126.8876908"
"644","서울특별시 금천구 디지털로 188 (가산동)"
"645","02-758-8196"
"646","마리오아울렛"
"647","37.478701"
"648","126.885076"
"649","서울특별시 금천구 벚꽃로 266 마리오아울렛3관"
"650","02-758-8542"
"651","가산브이타워"
"652","37.477221"
"653","126.883683"
"654","서울특별시 금천구 가산디지털1로 128 (가산동)"
"655","02-758-8371"
"656","가산그레이트"
"657","37.4794491"
"658","126.88747680000006"
"659","서울특별시 금천구 디지털로9길 32, 갑을그레이트밸리 1층 (가산동)"
"660","02-758-8346"
"661","월계트레이더스"
"662","37.6277053"
"663","127.06149779999998"
"664","서울시 노원구 마들로3길 15"
"665","02-971-3748"
"666","상계초교사거리"
"667","37.656776"
"668","127.066442 "
"669","서울 노원구 노원로 449"
"670","02-931-3660"
"671","공릉DT"
"672","37.6206884"
"673","127.0743116"
"674","서울특별시 노원구 동일로 1015 (공릉동)"
"675","02-971-3457"
"676","노원마들역"
"677","37.660941"
"678","127.058008"
"679","서울특별시 노원구 노원로 569 (상계동, 임광아파트)"
"680","02-934-3438"
"681","공릉역"
"682","37.626337"
"683","127.072252"
"684","서울특별시 노원구 동일로 1081 (공릉동)"
"685","02-972-3380"
"686","서울여대"
"687","37.626163"
"688","127.093084"
"689","서울특별시 노원구 화랑로 621 (공릉동)"
"690","02-758-8647"
"691","은행사거리"
"692","37.65048737"
"693","127.0759861"
"694","서울특별시 노원구 중계로 217, 중흥빌딩 103,203호 (중계동)"
"695","02-758-8238"
"696","노원KT"
"697","37.654562"
"698","127.063617"
"699","서울특별시 노원구 노해로 502, (주)KT 노원사옥 (상계동)"
"700","02-758-8523"
"701","광운대"
"702","37.6231479"
"703","127.06070090000003"
"704","서울특별시 노원구 석계로 104 (월계동)"
"705","02-758-8485"
"706","중계역"
"707","37.64817"
"708","127.062244"
"709","서울특별시 노원구 동일로 1339, 대한빌딩 (상계동)"
"710","02-758-8567"
"711","노원역"
"712","37.654751"
"713","127.060034"
"714","서울특별시 노원구 동일로 1413, 1층 (상계동)"
"715","02-758-8584"
"716","월계이마트"
"717","37.627155"
"718","127.062094"
"719","서울특별시 노원구 마들로3길 15 (월계동)"
"720","02-758-8573"
"721","창동이마트"
"722","37.651645"
"723","127.046869"
"724","서울특별시 도봉구 노해로65길 4 (창동)"
"725","02-903-3791"
"726","쌍문역"
"727","37.648456"
"728","127.034783"
"729","서울특별시 도봉구 도봉로 480 (창동)"
"730","02-758-8691"
"731","노량진동"
"732","37.513068"
"733","126.946537"
"734","서울특별시 동작구 노량진로 190 (노량진동, 고려교육타워-어바니엘한강) 101호~105호"
"735","02-3280-3816"
"736","남성역"
"737","37.4841198"
"738","126.9725739"
"739","서울특별시 동작구 사당로 219 (사당동)"
"740","02-533-3783"
"741","보라매공원R"
"742","37.49226212712864"
"743","126.92334570798292"
"744","서울특별시 동작구 보라매로5길 35 (신대방동, 파크스퀘어,보라매현대APT)"
"745","02-832-3693"
"746","이수자이"
"747","37.484414"
"748","126.980047"
"749","서울특별시 동작구 사당로 300 (사당동 이수자이)"
"750","02-588-3657"
"751","노량진역"
"752","37.513390"
"753","126.940879"
"754","서울특별시 동작구 노량진로 134 (노량진동)"
"755","02-816-3581"
"756","신대방삼거리역"
"757","37.499914"
"758","126.931766"
"759","서울특별시 동작구 상도로 102 (상도동)"
"760","02-813-3501"
"761","중앙대"
"762","37.506933"
"763","126.958125"
"764","서울특별시 동작구 흑석로 75-1 (흑석동)"
"765","02-812-3250"
"766","숭실대입구역"
"767","37.4968346"
"768","126.95271230000003"
"769","서울특별시 동작구 상도로 354 (상도동)"
"770","02-815-3205"
"771","숭실대"
"772","37.49538073"
"773","126.9548891"
"774","서울특별시 동작구 사당로 4 (상도동)"
"775","02-758-8153"
"776","사당역"
"777","37.47849216"
"778","126.9813456"
"779","서울특별시 동작구 동작대로 21, 양지빌딩 1-3층 (사당동)"
"780","02-758-8311"
"781","서강대프라자"
"782","37.551073"
"783","126.943096"
"784","서울특별시 마포구 백범로 35 (신수동)"
"785","02-702-3804"
"786","상암YTN"
"787","37.579183"
"788","126.892315"
"789","서울특별시 마포구 상암산로 76 (상암동)"
"790","02-304-3752"
"791","마포용강동"
"792","37.541186"
"793","126.942209"
"794","서울특별시 마포구 토정로 295 (용강동)"
"795","02-3275-3655"
"796","홍대입구역사거리R"
"797","37.554636"
"798","126.92036"
"799","서울특별시 마포구 양화로 125 (서교동)"
"800","02-325-3531"
"801","마포경찰서후문"
"802","37.550800"
"803","126.953432"
"804","서울특별시 마포구 마포대로 173-14 (아현동)"
"805","02-392-3555"
"806","공덕"
"807","37.545913"
"808","126.952956"
"809","서울특별시 마포구 마포대로 130 (공덕동)"
"810","02-716-3426"
"811","합정폴리스R"
"812","37.5509"
"813","126.9134"
"814","서울특별시 마포구 양화로 45 (서교동, 메세나폴리스)"
"815","02-324-3587"
"816","홍대공항철도역"
"817","37.557491"
"818","126.925146"
"819","서울특별시 마포구 양화로 178 (동교동)"
"820","02-332-3516"
"821","마포염리"
"822","37.543876"
"823","126.947680"
"824","서울특별시 마포구 독막로 311 (염리동)"
"825","02-3272-3331"
"826","서강광흥창역"
"827","37.549377"
"828","126.931661"
"829","서울특별시 마포구 서강로 69 (창전동)"
"830","02-325-3351"
"831","합정"
"832","37.549630"
"833","126.912999"
"834","서울특별시 마포구 월드컵로1길 14 (합정동) 마포한강푸르지오 110, 111, 112-2"
"835","02-323-3214"
"836","서강대흥역"
"837","37.548178"
"838","126.941576"
"839","서울특별시 마포구 백범로 89-5 (대흥동)"
"840","02-3272-3335"
"841","서교동사거리"
"842","37.553376"
"843","126.918564"
"844","서울특별시 마포구 양화로 105 (서교동)"
"845","02-326-5218"
"846","상암사보이시티"
"847","37.581470"
"848","126.888983"
"849","서울특별시 마포구 월드컵북로54길 17 (상암동)"
"850","02-373-3225"
"851","신촌오거리"
"852","37.555137"
"853","126.934694"
"854","서울특별시 마포구 신촌로16길 10 (노고산동)"
"855","02-334-3275"
"856","상암디지털큐브"
"857","37.5763132"
"858","126.8892477"
"859","서울특별시 마포구 상암산로 34"
"860","02-758-8890"
"861","상수역"
"862","37.5474817"
"863","126.92321579999998"
"864","서울특별시 마포구 독막로 88 (상수동)"
"865","02-758-8925"
"866","공덕오거리"
"867","37.5424641"
"868","126.95057730000008"
"869","서울특별시 마포구 마포대로 86 (도화동) 창강빌딩"
"870","02-758-8933"
"871","서교"
"872","37.551385"
"873","126.9169208"
"874","서울특별시 마포구 양화로 78 (서교동) 서교빌딩 1층"
"875","02-758-8856"
"876","서강대"
"877","37.5524584"
"878","126.9378262"
"879","서울특별시 마포구 백범로 23 (신수동)"
"880","02-758-8783"
"881","상암MBC"
"882","37.581297"
"883","126.890908"
"884","서울특별시 마포구 성암로 267 (상암동)"
"885","02-758-8787"
"886","홍대역"
"887","37.557175"
"888","126.923654"
"889","서울특별시 마포구 양화로 165, 상진빌딩 1층 (동교동)"
"890","02-758-8672"
"891","동교"
"892","37.556928"
"893","126.919819"
"894","서울특별시 마포구 월드컵북로 22, 영준빌딩 1층 (동교동)"
"895","02-758-8637"
"896","애오개역"
"897","37.55218737"
"898","126.9555203"
"899","서울특별시 마포구 마포대로 201, 마포트라팰리스II (아현동)"
"900","02-758-8272"
"901","홍대갤러리"
"902","37.55328184"
"903","126.9248279"
"904","서울특별시 마포구 와우산로 101, 정명빌딩 (서교동)"
"905","02-758-8293"
"906","상암DMC"
"907","37.577623"
"908","126.890684"
"909","서울특별시 마포구 월드컵북로 375, DMC이안오피스텔1단지 102호,202호 (상암동)"
"910","02-6393-6219"
"911","마포일진빌딩"
"912","37.54043451"
"913","126.9463168"
"914","서울특별시 마포구 마포대로 45, 일진빌딩 1층 (도화동)"
"915","02-758-8265"
"916","마포아크로"
"917","37.54145556"
"918","126.948819"
"919","서울특별시 마포구 마포대로 68 (도화동) 마포아크로타워"
"920","02-758-8217"
"921","홍대삼거리"
"922","37.550266"
"923","126.923179"
"924","서울특별시 마포구 와우산로 64 (상수동)"
"925","02-758-8402"
"926","망원역"
"927","37.555829"
"928","126.910637"
"929","서울특별시 마포구 월드컵로 74 (서교동)"
"930","02-758-8365"
"931","마포이마트"
"932","37.542421"
"933","126.953341"
"934","서울특별시 마포구 백범로 212 (신공덕동) 마포이마트"
"935","02-758-8467"
"936","합정메세나몰"
"937","37.551004"
"938","126.913848"
"939","서울특별시 마포구 양화로 45 (서교동, 메세나폴리스)"
"940","02-758-8534"
"941","가재울뉴타운"
"942","37.5749841"
"943","126.9164441"
"944","서울 서대문구 가재울미래로 2"
"945","02-304-3724"
"946","신촌역"
"947","37.556167"
"948","126.934673"
"949","서울특별시 서대문구 신촌로 73 (창천동)"
"950","02-336-3529"
"951","연희동"
"952","37.566702"
"953","126.930475"
"954","서울특별시 서대문구 연희로 97 (연희동)"
"955","02-326-3372"
"956","아현역"
"957","37.557820"
"958","126.956058"
"959","서울특별시 서대문구 신촌로35길 10 (북아현동, E편한세상신촌 4단지)"
"960","02-312-3430"
"961","홍제역"
"962","37.588658"
"963","126.943864"
"964","서울특별시 서대문구 통일로 451 (홍제동)"
"965","02-396-3383"
"966","연세백양로"
"967","37.562644"
"968","126.937529"
"969","서울특별시 서대문구 연세로 50 (신촌동) 연세대학교"
"970","02-758-8977"
"971","명지대"
"972","37.5782618"
"973","126.92232330000001"
"974","서울특별시 서대문구 거북골로 53 (남가좌동)"
"975","02-758-8908"
"976","연희DT"
"977","37.5702143"
"978","126.9339777"
"979","서울특별시 서대문구 연희로 144 (연희동)"
"980","02-758-8893"
"981","경기대"
"982","37.56367995"
"983","126.9646045"
"984","서울특별시 서대문구 충정로 53 (충정로2가)"
"985","02-758-8163"
"986","신촌대로"
"987","37.55624543"
"988","126.9392796"
"989","서울특별시 서대문구 신촌로 121 (창천동)"
"990","02-758-8090"
"991","신촌"
"992","37.55648577"
"993","126.9371155"
"994","서울특별시 서대문구 연세로 10-1 (창천동)"
"995","02-758-8035"
"996","이대R"
"997","37.55848315"
"998","126.9459643"
"999","서울특별시 서대문구 이화여대길 34 (대현동)"
"1000","02-758-8001"
"1001","연세종합관"
"1002","37.56177145"
"1003","126.9414708"
"1004","서울특별시 서대문구 연세로 50, 연세세브란스 종합관 (신촌동)"
"1005","02-758-8244"
"1006","이대ECC"
"1007","37.561631"
"1008","126.947350"
"1009","서울특별시 서대문구 이화여대길 52 (대현동) 이화여자대학교 B415호"
"1010","02-758-8240"
"1011","연대"
"1012","37.558706"
"1013","126.936727"
"1014","서울특별시 서대문구 연세로 35 (창천동)"
"1015","02-758-8439"
"1016","신촌아트레온"
"1017","37.556505"
"1018","126.940238"
"1019","서울특별시 서대문구 신촌로 129 (창천동)"
"1020","02-758-8401"
"1021","충정로역"
"1022","37.56137"
"1023","126.963219"
"1024","서울특별시 서대문구 충정로 23"
"1025","02-758-8479"
"1026","연대동문"
"1027","37.566385"
"1028","126.946273"
"1029","서울특별시 서대문구 성산로 565 (대신동)"
"1030","02-758-8450"
"1031","신촌명물거리"
"1032","37.557796"
"1033","126.938095"
"1034","서울특별시 서대문구 명물길 24, 1-5층 (창천동)"
"1035","02-365-8330"
"1036","충정타워"
"1037","37.559869"
"1038","126.964110"
"1039","서울특별시 서대문구 서소문로 21, 충정타워빌딩 1층 (충정로3가)"
"1040","02-758-8333"
"1041","방배로"
"1042","37.4793434"
"1043","126.9994968"
"1044","서울특별시 서초구 방배로 52 (방배동)"
"1045","02-3487-3814"
"1046","강남교보타워R"
"1047","37.503789"
"1048","127.024075"
"1049","서울특별시 서초구 강남대로 465 (서초동)"
"1050","02-534-3604"
"1051","방배다이치빌딩"
"1052","37.484329"
"1053","126.995872"
"1054","서울특별시 서초구 방배로 114 (방배동)"
"1055","02-3473-3576"
"1056","센트럴F1"
"1057","37.505148"
"1058","127.004395"
"1059","서울특별시 서초구 신반포로 176 (반포동)"
"1060","02-537-3598"
"1061","서초역이화빌딩"
"1062","37.487931"
"1063","127.009126"
"1064","서울특별시 서초구 반포대로21길 3 (서초동)"
"1065","02-522-3533"
"1066","서초구청"
"1067","37.484206"
"1068","127.030103"
"1069","서울특별시 서초구 남부순환로 2557 (서초동)"
"1070","02-3471-3545"
"1071","서초우성사거리"
"1072","37.493545"
"1073","127.029430"
"1074","서울특별시 서초구 강남대로 343 (서초동)"
"1075","02-3486-3536"
"1076","이수역사거리"
"1077","37.485850"
"1078","126.983027"
"1079","서울특별시 서초구 서초대로 3-4 (방배동, 방배디오슈페리움1)"
"1080","02-3476-3472"
"1081","강남대로신사"
"1082","37.514890"
"1083","127.019469"
"1084","서울특별시 서초구 강남대로 595 (잠원동)"
"1085","02-516-3402"
"1086","서울고속터미널"
"1087","37.504406"
"1088","127.005648"
"1089","서울특별시 서초구 신반포로 194 (반포동)"
"1090","02-592-3432"
"1091","강남대로논현R"
"1092","37.507413"
"1093","127.022568"
"1094","서울특별시 서초구 강남대로85길 5 (반포동)"
"1095","02-515-3419"
"1096","방배"
"1097","37.491914"
"1098","126.99049739999998"
"1099","서울특별시 서초구 방배로 211"
"1100","02-536-3204"
"1101","방배카페거리"
"1102","37.4934767"
"1103","126.9865297"
"1104","서울특별시 서초구 방배중앙로 162 (방배동)"
"1105","02-536-3206"
"1106","서초법원"
"1107","37.492970"
"1108","127.011875"
"1109","서울특별시 서초구 서초대로 274 (서초동)"
"1110","02-523-3294"
"1111","청계산입구역"
"1112","37.447323"
"1113","127.056250"
"1114","서울특별시 서초구 청계산로 203 (신원동)"
"1115","02-577-3253"
"1116","사당로데오"
"1117","37.4772752"
"1118","126.98216049999996"
"1119","서울특별시 서초구 방배천로 5-4(방배동)"
"1120","02-758-8953"
"1121","파미에파크R"
"1122","37.5030521"
"1123","127.004362"
"1124","서울특별시 서초구 사평대로 205 (반포동) CENTRALCITY"
"1125","02-758-8790"
"1126","교대역"
"1127","37.494207"
"1128","127.01394"
"1129","서울특별시 서초구 서초중앙로 138 (서초동) 우림빌딩"
"1130","02-758-8757"
"1131","양재역"
"1132","37.4820475"
"1133","127.0367682"
"1134","서울특별시 서초구 강남대로 202 (양재동) 모산빌딩"
"1135","02-758-8816"
"1136","논현역"
"1137","37.5111983"
"1138","127.0205875"
"1139","서울특별시 서초구 강남대로 557 (잠원동) 1~2층"
"1140","02-758-8819"
"1141","이수역"
"1142","37.4864664"
"1143","126.98274029999993"
"1144","서울특별시 서초구 동작대로 112 (방배동)"
"1145","02-758-8794"
"1146","내방역"
"1147","37.490004"
"1148","126.992455"
"1149","서울특별시 서초구 방배로 184 (방배동) 대풍빌딩"
"1150","02-758-8740"
"1151","서초파라곤"
"1152","37.494941"
"1153","127.027422"
"1154","서울특별시 서초구 서초대로74길 29 (서초동) 서초파라곤"
"1155","02-758-8716"
"1156","서울아트센터"
"1157","37.480866"
"1158","127.012368"
"1159","서울특별시 서초구 남부순환로 2395 (서초동) 호경빌딩"
"1160","02-758-8738"
"1161","서초중앙로"
"1162","37.501691"
"1163","127.01152"
"1164","서울특별시 서초구 서초중앙로 225"
"1165","02-758-8715"
"1166","센트럴시티"
"1167","37.504707"
"1168","127.004459"
"1169","서울특별시 서초구 신반포로 176 (반포동)"
"1170","02-758-8656"
"1171","강남삼성타운"
"1172","37.49562035"
"1173","127.0277144"
"1174","서울특별시 서초구 서초대로78길 24 (서초동)"
"1175","02-758-8213"
"1176","방배역"
"1177","37.48200755"
"1178","126.9976438"
"1179","서울특별시 서초구 방배로 84 (방배동)"
"1180","02-758-8086"
"1181","반포역"
"1182","37.508589"
"1183","127.011959"
"1184","서울특별시 서초구 신반포로 257 (잠원동) 신반포11차상가"
"1185","02-758-8141"
"1186","남부터미널"
"1187","37.48467334"
"1188","127.0169464"
"1189","서울특별시 서초구 서초중앙로 26, 래미안서초유니빌 1층 101호 (서초동)"
"1190","02-758-8085"
"1191","뉴코아강남"
"1192","37.51031339"
"1193","127.0069582"
"1194","서울특별시 서초구 잠원로 69 (잠원동) 킴스클럽"
"1195","02-758-8032"
"1196","강남2"
"1197","37.5000875"
"1198","127.02549090000002"
"1199","서울특별시 서초구 서초대로77길 27, 유빌딩 1,2층 (서초동)"
"1200","02-758-8081"
"1201","교대"
"1202","37.4923611"
"1203","127.0142207"
"1204","서울특별시 서초구 서초중앙로 118 (서초동)"
"1205","02-758-8073"
"1206","하이브랜드"
"1207","37.46330766"
"1208","127.0368447"
"1209","서울특별시 서초구 매헌로 16, 리빙관 101호 (양재동)"
"1210","02-2155-4117"
"1211","신논현역"
"1212","37.50529"
"1213","127.023636"
"1214","서울특별시 서초구 강남대로 483 (반포동) 청호빌딩"
"1215","02-758-8756"
"1216","영동2교"
"1217","37.48203954"
"1218","127.0425748"
"1219","서울특별시 서초구 논현로 139, 대흥빌딩 (양재동)"
"1220","02-758-8291"
"1221","남부터미널2"
"1222","37.48436736"
"1223","127.0142192"
"1224","서울특별시 서초구 효령로 274 (서초동)"
"1225","02-758-8229"
"1226","서래마을입구"
"1227","37.49925284"
"1228","126.9984801"
"1229","서울특별시 서초구 서래로 48 (반포동)"
"1230","02-3482-8257"
"1231","몬테소리"
"1232","37.4982695"
"1233","127.026865"
"1234","서울특별시 서초구 강남대로 399 (서초동)"
"1235","02-758-8225"
"1236","서초역"
"1237","37.49067495"
"1238","127.0086118"
"1239","서울특별시 서초구 반포대로 118 (서초동)"
"1240","02-758-8289"
"1241","예술의전당"
"1242","37.48115265"
"1243","127.0134724"
"1244","서울특별시 서초구 남부순환로323길 1, 1층 (서초동)"
"1245","02-758-8313"
"1246","교대법원"
"1247","37.496329"
"1248","127.013336"
"1249","서울특별시 서초구 서초중앙로 164 (서초동)"
"1250","02-758-8400"
"1251","강남GT타워"
"1252","37.498056"
"1253","127.02583300000003"
"1254","서울특별시 서초구 서초대로 411, GT타워 (서초동)"
"1255","02-758-8477"
"1256","서초동"
"1257","37.485941"
"1258","127.021525"
"1259","서울특별시 서초구 남부순환로339길 64, 현우빌딩 1층 (서초동)"
"1260","02-758-8459"
"1261","서울교대"
"1262","37.487397"
"1263","127.015134"
"1264","서울특별시 서초구 서초중앙로 64, 1층 (서초동)"
"1265","02-758-8332"
"1266","강남에비뉴"
"1267","37.5027"
"1268","127.023894"
"1269","서울특별시 서초구 서초대로77길 62, 강남역아이파크 B102~B105 (서초동)"
"1270","02-758-8587"
"1271","미아이마트"
"1272","37.610678"
"1273","127.029921"
"1274","서울 성북구 도봉로 17"
"1275","02-982-3806"
"1276","종암DT"
"1277","37.5919525"
"1278","127.0360401"
"1279","서울특별시 성북구 종암로 17 (종암동)"
"1280","02-925-3469"
"1281","미아"
"1282","37.607581"
"1283","127.029303"
"1284","서울특별시 성북구 동소문로 314 (하월곡동)"
"1285","02-913-3364"
"1286","성신여대정문"
"1287","37.590910"
"1288","127.018800"
"1289","서울특별시 성북구 보문로34길 62 (동선동2가)"
"1290","02-922-3281"
"1291","종암"
"1292","37.601095"
"1293","127.033847"
"1294","서울특별시 성북구 종암로 122 (종암동)"
"1295","02-758-8980"
"1296","삼선교"
"1297","37.588696"
"1298","127.00732070000003"
"1299","서울특별시 성북구 동소문로 10 (동소문동2가)"
"1300","02-758-8714"
"1301","월곡역"
"1302","37.601718"
"1303","127.040446"
"1304","서울특별시 성북구 화랑로 76, 101-1호 (하월곡동)"
"1305","02-758-8608"
"1306","고대"
"1307","37.58397192"
"1308","127.0297352"
"1309","서울특별시 성북구 고려대로 24길 51 (안암동5가)"
"1310","02-758-8067"
"1311","현대미아"
"1312","37.60837822"
"1313","127.0287483"
"1314","서울특별시 성북구 동소문로 315, 현대백화점미아점 지하 1층 (길음동)"
"1315","02-758-8203"
"1316","성신여대"
"1317","37.593135"
"1318","127.018379"
"1319","서울특별시 성북구 동소문로24길 12 (동선동1가)"
"1320","02-758-8499"
"1321","안암역"
"1322","37.586319"
"1323","127.030556"
"1324","서울특별시 성북구 고려대로 102-2 (안암동5가)"
"1325","02-758-8541"
"1326","한성대입구역"
"1327","37.589054"
"1328","127.004839"
"1329","서울특별시 성북구 성북로 11 (성북동1가)"
"1330","02-758-8455"
"1331","송파나루역DT"
"1332","37.510793"
"1333","127.1102658"
"1334","서울특별시 송파구 오금로 142 (송파동)"
"1335","02-421-3622"
"1336","잠실시그마타워"
"1337","37.514567"
"1338","127.102493"
"1339","서울특별시 송파구 올림픽로 289 (신천동)"
"1340","02-417-3614"
"1341","문정법원로R"
"1342","37.487447"
"1343","127.119164"
"1344","서울특별시 송파구 송파대로 201 (문정동)"
"1345","02-881-5012"
"1346","송파개롱역"
"1347","37.496956"
"1348","127.13652"
"1349","서울특별시 송파구 오금로 420 (가락동)"
"1350","02-401-3574"
"1351","문정하비오"
"1352","37.481925"
"1353","127.123446"
"1354","서울특별시 송파구 송파대로 111 (문정동, 파크하비오) 204동 104호~107호"
"1355","02-401-3431"
"1356","문정역"
"1357","37.484813"
"1358","127.122237"
"1359","서울특별시 송파구 송파대로 167 (문정동)테라타워 B동 137호~139호,204호"
"1360","02-2054-3836"
"1361","잠실대교남단R"
"1362","37.515511"
"1363","127.099006"
"1364","서울특별시 송파구 올림픽로35길 141 (신천동)"
"1365","02-416-0020"
"1366","송파위례"
"1367","37.478264"
"1368","127.144067"
"1369","서울특별시 송파구 위례광장로 230 (장지동, 위례2차아이파크)"
"1370","02-3012-3457"
"1371","송파방이DT"
"1372","37.506564"
"1373","127.120495"
"1374","서울특별시 송파구 오금로 241 (방이동)"
"1375","02-414-3269"
"1376","송파구청"
"1377","37.514573"
"1378","127.107404"
"1379","서울특별시 송파구 오금로 87 (방이동)"
"1380","02-2145-0300"
"1381","올림픽평화의문"
"1382","37.5156426"
"1383","127.11648190000005"
"1384","서울특별시 송파구 위례성대로 38 (방이동) 해태그린피아빌라트"
"1385","02-758-8983"
"1386","송파아이파크"
"1387","37.479892"
"1388","127.122379"
"1389","서울특별시 송파구 법원로 55 (문정동)"
"1390","02-409-3245"
"1391","송파사거리"
"1392","37.5022788"
"1393","127.1103904"
"1394","서울특별시 송파구 송파대로 386 (송파동)"
"1395","02-758-8931"
"1396","석촌서호"
"1397","37.5063929"
"1398","127.0964684"
"1399","서울특별시 송파구 석촌호수로 176 (삼전동)"
"1400","02-758-8874"
"1401","문정로데오"
"1402","37.491905"
"1403","127.1262696"
"1404","서울특별시 송파구 동남로 141 (가락동)"
"1405","02-758-8860"
"1406","올림픽훼미리"
"1407","37.491626"
"1408","127.116308"
"1409","서울특별시 송파구 중대로 68 (문정동)"
"1410","02-758-8793"
"1411","올림픽공원남문"
"1412","37.5133"
"1413","127.123113"
"1414","서울특별시 송파구 위례성대로 102 (방이동)"
"1415","02-758-8769"
"1416","방이역"
"1417","37.508666"
"1418","127.126569"
"1419","서울특별시 송파구 마천로 53, 1~2층 (오금동)"
"1420","02-758-8698"
"1421","석촌호수"
"1422","37.509581"
"1423","127.104993"
"1424","서울특별시 송파구 석촌호수로 262 (송파동)"
"1425","02-758-8693"
"1426","잠실푸르지오월드"
"1427","37.517649"
"1428","127.103426"
"1429","서울특별시 송파구 올림픽로35가길 9, 잠실푸르지오월드마크 1층 (신천동)"
"1430","02-758-8652"
"1431","잠실새내역"
"1432","37.511679"
"1433","127.081062"
"1434","서울특별시 송파구 올림픽로 96 (잠실동)"
"1435","02-758-8643"
"1436","잠실역"
"1437","37.515272"
"1438","127.099231"
"1439","서울특별시 송파구 송파대로 562, 한빛프라자 1층, 2층 (신천동)"
"1440","02-758-8077"
"1441","갤러리아팰리스"
"1442","37.51108365"
"1443","127.0938059"
"1444","서울특별시 송파구 올림픽로 212, 갤러리아 팰리스 (잠실동)"
"1445","02-758-8118"
"1446","아시아선수촌"
"1447","37.51052862"
"1448","127.0790472"
"1449","서울특별시 송파구 백제고분로 69 (잠실동)"
"1450","02-758-8124"
"1451","올림픽아파트"
"1452","37.515315"
"1453","127.133237"
"1454","서울특별시 송파구 양재대로 1222 (방이동)"
"1455","02-758-8580"
"1456","가락본동"
"1457","37.494895"
"1458","127.118785"
"1459","서울특별시 송파구 송파대로30길 13 (가락동)"
"1460","02-758-8495"
"1461","석촌역"
"1462","37.5042626"
"1463","127.10610769999994"
"1464","서울특별시 송파구 백제고분로 358, 1층 (석촌동)"
"1465","02-758-8350"
"1466","가락시장역"
"1467","37.494299"
"1468","127.121354"
"1469","서울특별시 송파구 중대로 121, 롯데캐슬 파인힐 1층 (가락동)"
"1470","02-758-8469"
"1471","가든파이브"
"1472","37.4782316"
"1473","127.11937030000001"
"1474","서울특별시 송파구 충민로 10 (문정동) 가든파이브툴"
"1475","02-758-8406"
"1476","목동파리공원"
"1477","37.535336"
"1478","126.878852"
"1479","서울특별시 양천구 목동동로 377 (목동)"
"1480","02-2643-3818"
"1481","등촌역"
"1482","37.548884"
"1483","126.868070"
"1484","서울특별시 양천구 공항대로 566 (목동) 1층 2층"
"1485","02-2645-3631"
"1486","목동행복한"
"1487","37.529147"
"1488","126.876099"
"1489","서울특별시 양천구 목동동로 309 (목동)"
"1490","02-2643-3652"
"1491","신정DT"
"1492","37.521993"
"1493","126.858865"
"1494","서울특별시 양천구 신월로 341 (신정동)"
"1495","02-2604-3441"
"1496","목동역"
"1497","37.526684"
"1498","126.863986"
"1499","서울특별시 양천구 목동로 203 (신정동) 1층일부"
"1500","02-2602-3505"
"1501","목동오목로"
"1502","37.525923"
"1503","126.868438"
"1504","서울특별시 양천구 오목로 279 (목동) 102,103,104,105호"
"1505","02-2642-3326"
"1506","목동8단지"
"1507","37.520518"
"1508","126.868841"
"1509","서울특별시 양천구 목동서로 299 (신정동)"
"1510","02-2061-3381"
"1511","오목교역"
"1512","37.5235882"
"1513","126.87652120000007"
"1514","서울특별시 양천구 오목로 354 (목동)"
"1515","02-758-8941"
"1516","신월IC DT"
"1517","37.5294984"
"1518","126.831983"
"1519","서울특별시 양천구 남부순환로 430 (신월동)"
"1520","02-758-8930"
"1521","목동7단지"
"1522","37.528012"
"1523","126.87053"
"1524","서울특별시 양천구 목동서로 213 (목동) 세신비젼프라자"
"1525","02-758-8842"
"1526","목동하이페리온"
"1527","37.524931"
"1528","126.870316"
"1529","서울특별시 양천구 오목로 300 (목동)"
"1530","02-758-8610"
"1531","목동5단지"
"1532","37.536706"
"1533","126.88212"
"1534","서울특별시 양천구 목동동로 411, 1동 116호(목동, 부영그린타운3차)"
"1535","02-758-8615"
"1536","목동"
"1537","37.53638383"
"1538","126.8785597"
"1539","서울특별시 양천구 목동서로 67 (목동) 우성에펠타운"
"1540","02-758-8099"
"1541","현대목동"
"1542","37.526848"
"1543","126.875023"
"1544","서울특별시 양천구 목동동로 257, 현대백화점목동점 지하 2층 (목동)"
"1545","02-2163-1750"
"1546","목동파라곤"
"1547","37.52947"
"1548","126.874996"
"1549","서울특별시 양천구 목동서로 155, 목동파라곤 1층 (목동)"
"1550","02-758-8353"
"1551","타임스퀘어R"
"1552","37.517139"
"1553","126.903606"
"1554","서울특별시 영등포구 영중로 15 (영등포동4가)"
"1555","02-2671-9902"
"1556","샛강역"
"1557","37.5183551"
"1558","126.9312716"
"1559","서울특별시 영등포구 여의대방로 376 (여의도동)"
"1560","02-780-3743"
"1561","영등포역"
"1562","37.5169614"
"1563","126.9091390"
"1564","서울특별시 영등포구 경인로 870 (영등포동1가)"
"1565","02-2068-3692"
"1566","당산대로"
"1567","37.533121"
"1568","126.903804"
"1569","서울특별시 영등포구 양평로 22 (당산동6가)"
"1570","02-2631-3397"
"1571","여의도IFC몰(L1)R"
"1572","37.525127"
"1573","126.925508"
"1574","서울특별시 영등포구 국제금융로 10 (여의도동) 지하1층 178호"
"1575","02-6137-5178"
"1576","여의도KBS R"
"1577","37.526596"
"1578","126.918456"
"1579","서울특별시 영등포구 의사당대로 26 (여의도동)"
"1580","02-782-3470"
"1581","여의도화재보험"
"1582","37.521345"
"1583","126.926004"
"1584","서울특별시 영등포구 국제금융로6길 38 (여의도동)"
"1585","02-782-3565"
"1586","국회대로"
"1587","37.530260"
"1588","126.919549"
"1589","서울특별시 영등포구 국회대로 786 (여의도동)"
"1590","02-761-3466"
"1591","영등포KT"
"1592","37.526792"
"1593","126.904706"
"1594","서울특별시 영등포구 영중로 119 (영등포동8가)"
"1595","02-2671-3369"
"1596","여의도공원R"
"1597","37.529231"
"1598","126.924872"
"1599","서울특별시 영등포구 여의공원로 101 (여의도동)"
"1600","02-3775-3359"
"1601","국회의사당역"
"1602","37.527831"
"1603","126.916882"
"1604","서울특별시 영등포구 의사당대로 8 (여의도동)"
"1605","02-780-3346"
"1606","선유도역"
"1607","37.537268"
"1608","126.894594"
"1609","서울특별시 영등포구 양평로 115 (양평동4가)"
"1610","02-2634-3258"
"1611","여의도역"
"1612","37.523328"
"1613","126.923439"
"1614","서울특별시 영등포구 의사당대로 83 (여의도동) 한국휴렛팩커드빌딩"
"1615","02-761-3236"
"1616","선유동이레빌딩"
"1617","37.534109"
"1618","126.896912"
"1619","서울특별시 영등포구 선유동2로 57 (양평제1동) 이레빌딩"
"1620","02-2068-3224"
"1621","동여의도"
"1622","37.5199494"
"1623","126.9317957"
"1624","서울특별시 영등포구 국제금융로 86 (여의도동) 롯데캐슬 아이비"
"1625","02-758-8875"
"1626","여의도ABL타워"
"1627","37.518749"
"1628","126.92779"
"1629","서울특별시 영등포구 의사당대로 147 (여의도동) 알리안츠타워"
"1630","02-758-8834"
"1631","영등포신길DT"
"1632","37.504566"
"1633","126.910073"
"1634","서울특별시 영등포구 신길로 137 (신길동)"
"1635","02-758-8813"
"1636","문래역"
"1637","37.517428"
"1638","126.896475"
"1639","서울특별시 영등포구 당산로 34 (문래동3가)"
"1640","02-758-8833"
"1641","당산"
"1642","37.535164"
"1643","126.899942"
"1644","서울특별시 영등포구 양평로 64 (당산동6가)"
"1645","02-758-8713"
"1646","여의도한양증권"
"1647","37.522418"
"1648","126.929093"
"1649","서울특별시 영등포구 국제금융로6길 7 (여의도동) 한양증권"
"1650","02-758-8711"
"1651","여의도일신"
"1652","37.528"
"1653","126.920103"
"1654","서울특별시 영등포구 은행로 11 (여의도동) 1층 1부"
"1655","02-758-8695"
"1656","신세계영등포B2"
"1657","37.517162"
"1658","126.905608"
"1659","서울특별시 영등포구 영중로 9, 신세계백화점 B관 지하2층 (영등포동4가)"
"1660","02-2639-4072"
"1661","하이테크시티"
"1662","37.51467062"
"1663","126.8986474"
"1664","서울특별시 영등포구 경인로 775 (문래동3가) 에이스하이테크시티"
"1665","02-758-8210"
"1666","당산역"
"1667","37.5344337"
"1668","126.90187630000002"
"1669","서울특별시 영등포구 당산로 231, 대원빌딩 1,2층 (당산동6가)"
"1670","02-758-8270"
"1671","서여의도"
"1672","37.52958977"
"1673","126.920272"
"1674","서울특별시 영등포구 국회대로70길 15-1 (여의도동)"
"1675","02-758-8008"
"1676","여의도"
"1677","37.52403519"
"1678","126.9245179"
"1679","서울특별시 영등포구 국제금융로2길 28 (여의도동)"
"1680","02-758-8007"
"1681","롯데캐슬여의도"
"1682","37.52025214"
"1683","126.9263678"
"1684","서울특별시 영등포구 의사당대로 127 (여의도동) 롯데캐슬앰파이어 1층 104호"
"1685","02-758-8127"
"1686","문래동"
"1687","37.519602"
"1688","126.889652"
"1689","서울특별시 영등포구 선유로 64, 대창타운빌 1층 (문래동3가)"
"1690","02-758-8324"
"1691","신세계영등포B"
"1692","37.517162"
"1693","126.905608"
"1694","서울특별시 영등포구 영중로 9, 신세계백화점 B관 1층 (영등포동4가)"
"1695","02-2639-4058"
"1696","여의도호성"
"1697","37.520176"
"1698","126.929426"
"1699","서울특별시 영등포구 여의대방로65길 24, 호성빌딩 1층 (여의도동)"
"1700","02-758-8379"
"1701","타임스퀘어B2"
"1702","37.516985"
"1703","126.903387"
"1704","서울특별시 영등포구 영중로 15, 타임스퀘어 단지 지하2층 (영등포동4가)"
"1705","02-758-8415"
"1706","영등포본동"
"1707","37.518713"
"1708","126.909559"
"1709","서울특별시 영등포구 영등포로 254 (영등포동3가)"
"1710","02-758-8335"
"1711","타임스퀘어"
"1712","37.516985"
"1713","126.903387"
"1714","서울특별시 영등포구 영중로 15 (영등포동4가) 타임스퀘어"
"1715","02-758-8303"
"1716","여의도의사당"
"1717","37.530023"
"1718","126.92109"
"1719","서울특별시 영등포구 국회대로74길 12, 남중빌딩 1층 (여의도동)"
"1720","02-758-8348"
"1721","여의도IFC(1F)"
"1722","37.525273"
"1723","126.924668"
"1724","서울특별시 영등포구 국제금융로 10 (여의도동)"
"1725","02-6137-9955"
"1726","불광역"
"1727","37.6093820"
"1728","126.9303971"
"1729","서울시 은평구 통일로 715"
"1730","02-352-3711"
"1731","구파발사거리"
"1732","37.639617"
"1733","126.91881"
"1734","서울시 은평구 진관3로 21 은평엘크루 101동 105-108호"
"1735","02-389-3557"
"1736","연신내역사거리"
"1737","37.618620"
"1738","126.922062"
"1739","서울특별시 은평구 통일로 842 (불광동)"
"1740","02-358-3491"
"1741","연신내"
"1742","37.620417"
"1743","126.919913"
"1744","서울특별시 은평구 통일로 867 (갈현동)"
"1745","02-388-3348"
"1746","구파발역"
"1747","37.63446"
"1748","126.918881"
"1749","서울특별시 은평구 진관2로 12"
"1750","02-758-8934"
"1751","은평구청입구"
"1752","37.601042"
"1753","126.926789"
"1754","서울특별시 은평구 은평로 170 (응암동)"
"1755","02-758-8762"
"1756","은평이마트"
"1757","37.60037923"
"1758","126.9202735"
"1759","서울특별시 은평구 은평로 111 (응암동)"
"1760","02-758-8139"
"1761","구산역"
"1762","37.611745"
"1763","126.917678"
"1764","서울특별시 은평구 연서로 146 (대조동)"
"1765","02-758-8515"
"1766","연합뉴스"
"1767","37.5743289"
"1768","126.9804590000005"
"1769","서울특별시 종로구 율곡로2길 25 (수송동)"
"1770","02-730-3742"
"1771","혜화역"
"1772","37.5824779"
"1773","127.0021850"
"1774","서울시 종로구 대학로12길 4 1~2층"
"1775","02-742-3673"
"1776","경희궁로"
"1777","37.571759"
"1778","126.972343"
"1779","서울특별시 종로구 새문안로3길 15 (당주동)"
"1780","02-730-3761"
"1781","종로평창동"
"1782","37.606149"
"1783","126.967213"
"1784","서울특별시 종로구 평창12길 3 (평창동)"
"1785","02-396-3631"
"1786","광화문우체국"
"1787","37.569854"
"1788","126.978083"
"1789","서울특별시 종로구 종로 6 (서린동)"
"1790","02-733-3592"
"1791","더종로R"
"1792","37.570804"
"1793","126.983494"
"1794","서울특별시 종로구 종로 51 (종로2가)"
"1795","02-722-3507"
"1796","독립문역"
"1797","37.571432"
"1798","126.961269"
"1799","서울특별시 종로구 통일로 168-1 (교남동)"
"1800","02-737-3544"
"1801","정부서울청사R"
"1802","37.574411"
"1803","126.973571"
"1804","서울특별시 종로구 새문안로5가길 28 (적선동)"
"1805","02-722-3549"
"1806","동묘앞역"
"1807","37.572700"
"1808","127.016072"
"1809","서울특별시 종로구 종로 344 (숭인동, 대우디오빌) 101호 일부, 201호 일부"
"1810","02-2234-4265"
"1811","종로구청"
"1812","37.572662"
"1813","126.981138"
"1814","서울특별시 종로구 삼봉로 71 (수송동)"
"1815","02-6281-3272"
"1816","북촌로"
"1817","37.579462"
"1818","126.986431"
"1819","서울특별시 종로구 북촌로4길 23 (계동)"
"1820","02-758-8827"
"1821","종로수송"
"1822","37.5714931"
"1823","126.9807831"
"1824","서울특별시 종로구 종로5길 30 (청진동) 1~3층"
"1825","02-758-8818"
"1826","새문안로"
"1827","37.5696597"
"1828","126.9748903"
"1829","서울특별시 종로구 새문안로 92 (신문로1가) 광화문오피시아빌딩"
"1830","02-758-8788"
"1831","안국"
"1832","37.577338"
"1833","126.985635"
"1834","서울특별시 종로구 북촌로 5-1 (재동)"
"1835","02-758-8779"
"1836","삼청동"
"1837","37.585381"
"1838","126.9817512"
"1839","서울특별시 종로구 삼청로 111-1 (삼청동)"
"1840","02-758-8771"
"1841","광화문D타워"
"1842","37.5714"
"1843","126.9788297"
"1844","서울특별시 종로구 종로3길 17 (청진동) D타워"
"1845","02-758-8954"
"1846","서울극장"
"1847","37.56975769"
"1848","126.9917911"
"1849","서울특별시 종로구 돈화문로 13 (관수동) 서울극장"
"1850","02-758-8269"
"1851","적선"
"1852","37.57520431"
"1853","126.9739361"
"1854","서울특별시 종로구 새문안로5길 55, 노스게이트빌딩 1층 (적선동)"
"1855","02-758-8050"
"1856","인사"
"1857","37.5721293"
"1858","126.98703490000002"
"1859","서울특별시 종로구 인사동길 14 (인사동)"
"1860","02-758-8022"
"1861","영풍문고"
"1862","37.5695584"
"1863","126.9821243"
"1864","서울특별시 종로구 청계천로 41 (서린동) 영풍빌딩"
"1865","02-758-8083"
"1866","광화문R"
"1867","37.5712293"
"1868","126.9762872"
"1869","서울특별시 종로구 세종대로 167, 현대해상본사사옥 별관내 (세종로)"
"1870","02-758-8036"
"1871","성대입구"
"1872","37.582892"
"1873","126.998392"
"1874","서울특별시 종로구 창경궁로 235 (명륜3가)"
"1875","02-758-8249"
"1876","스페이스본"
"1877","37.57532212"
"1878","126.9692494"
"1879","서울특별시 종로구 사직로8길 4 (사직동) 광화문 풍림스페이스본"
"1880","02-758-8235"
"1881","주얼리시티"
"1882","37.57154914"
"1883","126.998705"
"1884","서울특별시 종로구 종로 183 (인의동) 효성주얼리시티"
"1885","02-6744-4882"
"1886","종각"
"1887","37.5699183"
"1888","126.98452810000003"
"1889","서울특별시 종로구 종로 64 (종로2가)"
"1890","02-758-8169"
"1891","광교"
"1892","37.568928"
"1893","126.9842163"
"1894","서울특별시 종로구 청계천로 59 (관철동)"
"1895","02-758-8154"
"1896","동숭로아트"
"1897","37.582969"
"1898","127.003876"
"1899","서울특별시 종로구 동숭길 110 (동숭동)"
"1900","02-758-8430"
"1901","종로관철"
"1902","37.569058"
"1903","126.986013"
"1904","서울특별시 종로구 종로12길 21, 2층 (관철동)"
"1905","02-758-8360"
"1906","경복궁역"
"1907","37.5771508"
"1908","126.97274530000004"
"1909","서울특별시 종로구 자하문로4길 6, 1층 (통의동)"
"1910","02-758-8359"
"1911","이마빌딩"
"1912","37.5738637"
"1913","126.97897149999994"
"1914","서울특별시 종로구 종로1길 42 (수송동)"
"1915","02-758-8405"
"1916","대명거리"
"1917","37.58349633"
"1918","127.0011593"
"1919","서울특별시 종로구 대명길 5 (명륜4가)"
"1920","02-758-8316"
"1921","마로니에공원"
"1922","37.58154296"
"1923","127.0023412"
"1924","서울특별시 종로구 대학로 116, 1-2층 (동숭동)"
"1925","02-758-8315"
"1926","종로3가"
"1927","37.5705527"
"1928","126.9902055"
"1929","서울특별시 종로구 종로 113-1, 1-4층 (종로3가)"
"1930","02-758-8339"
"1931","대학로"
"1932","37.576509"
"1933","127.001449"
"1934","서울특별시 종로구 대학로 57, 홍익대학교 대학로캠퍼스 內 (연건동)"
"1935","02-758-8558"
"1936","경복궁사거리"
"1937","37.575578"
"1938","126.980581"
"1939","서울특별시 종로구 율곡로 6, B동 101호(중학동, 트윈트리타워)"
"1940","02-758-8386"
"1941","종로관수"
"1942","37.569385"
"1943","126.988665"
"1944","서울특별시 종로구 삼일대로20길 13 (관수동)"
"1945","02-758-8560"
"1946","숭례문북창"
"1947","37.561725"
"1948","126.976838"
"1949","서울특별시 중구 세종대로12길 12 (남대문로4가)"
"1950","02-3789-3661"
"1951","동대문두타"
"1952","37.56892512604548"
"1953","127.00878383484597"
"1954","서울특별시 중구 장충단로 275 (을지로6가)"
"1955","02-3398-4241"
"1956","대한상공회의소R"
"1957","37.560938"
"1958","126.973702"
"1959","서울시 중구 세종대로 39 상공회의소회관 1층"
"1960","02-6050-1180"
"1961","명동센트럴"
"1962","37.564669"
"1963","126.985233"
"1964","서울특별시 중구 명동9길 16 (명동1가)"
"1965","02-3789-3640"
"1966","국립중앙의료원"
"1967","37.5665160"
"1968","127.0062376"
"1969","서울특별시 중구 을지로 251 (을지로6가)"
"1970","02-2269-3667"
"1971","동국대"
"1972","37.561542"
"1973","126.998437"
"1974","서울특별시 중구 서애로 1길 11"
"1975","02-2269-3296"
"1976","신세계본점5F"
"1977","37.560951"
"1978","126.981134"
"1979","서울특별시 중구 소공로 63 (충무로1가)"
"1980","02-310-1514"
"1981","을지로내외빌딩R"
"1982","37.566479"
"1983","126.983663"
"1984","서울특별시 중구 을지로 51 (을지로2가)"
"1985","02-754-3429"
"1986","대우재단빌딩"
"1987","37.556781"
"1988","126.975081"
"1989","서울특별시 중구 퇴계로 18 (남대문로5가)"
"1990","02-6366-1381"
"1991","동대문공원"
"1992","37.565133"
"1993","127.007191"
"1994","서울특별시 중구 장충단로 229 (광희동1가)"
"1995","02-2279-3345"
"1996","을지로국제빌딩"
"1997","37.566952"
"1998","126.982219"
"1999","서울특별시 중구 남대문로 109 (다동)"
"2000","02-752-3464"
"2001","동대입구역"
"2002","37.559593"
"2003","127.006142"
"2004","서울특별시 중구 장충단로 166 (장충동1가)"
"2005","02-2264-3364"
"2006","신당역사거리"
"2007","37.565807"
"2008","127.016430"
"2009","서울특별시 중구 다산로 258 (흥인동)"
"2010","02-2253-3318"
"2011","연세세브란스"
"2012","37.557207"
"2013","126.973540"
"2014","서울특별시 중구 통일로 10 (남대문로5가)"
"2015","02-2259-3331"
"2016","회현역"
"2017","37.5589809"
"2018","126.98074670000005"
"2019","서울특별시 중구 퇴계로 72 (회현동) 리더스뷰남산"
"2020","02-758-8986"
"2021","을지로경기빌딩"
"2022","37.567172"
"2023","126.983156"
"2024","서울특별시 중구 남대문로10길 9 (삼각동) 경기빌딩"
"2025","02-758-8981"
"2026","을지로2가"
"2027","37.566347"
"2028","126.988066"
"2029","서울특별시 중구 삼일대로 358 (을지로2가)"
"2030","02-6250-8280"
"2031","신세계본점6F"
"2032","37.560381"
"2033","126.980758"
"2034","서울특별시 중구 퇴계로 77 (충무로1가)"
"2035","02-310-1431"
"2036","서울중앙우체국"
"2037","37.561678"
"2038","126.982117"
"2039","서울특별시 중구 소공로 70 (충무로 1가) 서울 중앙 우체국"
"2040","02-758-8979"
"2041","한국프레스센터"
"2042","37.567381"
"2043","126.977859"
"2044","서울특별시 중구 세종대로 124 (태평로1가)"
"2045","02-722-3263"
"2046","명동중앙로"
"2047","37.5637485"
"2048","126.9857723"
"2049","서울특별시 중구 명동길 60 (명동 2가)"
"2050","02-758-8903"
"2051","약수역"
"2052","37.555437"
"2053","127.0107253"
"2054","서울특별시 중구 다산로 129 (신당동)"
"2055","02-758-8862"
"2056","중구저동"
"2057","37.5643686"
"2058","126.9903382"
"2059","서울특별시 중구 수표로 34 (저동2가)"
"2060","02-758-8857"
"2061","명동길"
"2062","37.5620695"
"2063","126.9858669"
"2064","서울특별시 중구 명동10길 41"
"2065","02-758-8849"
"2066","소공로북창"
"2067","37.5636856"
"2068","126.9789237"
"2069","서울특별시 중구 세종대로18길 32 (소공동) 삼원빌딩"
"2070","02-758-8843"
"2071","서소문로"
"2072","37.563006"
"2073","126.974546"
"2074","서울특별시 중구 서소문로 120 (서소문동) 대한빌딩"
"2075","02-758-8832"
"2076","신당역"
"2077","37.565522"
"2078","127.014554"
"2079","서울특별시 중구 퇴계로 385, 1층 (흥인동)"
"2080","02-758-8669"
"2081","명동메트로"
"2082","37.565118"
"2083","126.983681"
"2084","서울특별시 중구 명동9가길 14 (을지로1가) 메트로호텔"
"2085","02-758-8764"
"2086","숭례문"
"2087","37.55874473"
"2088","126.9730952"
"2089","서울특별시 중구 세종대로 17, 와이즈타워 1층 (남대문로5가)"
"2090","02-758-8087"
"2091","순화동더샵"
"2092","37.560072"
"2093","126.971931"
"2094","서울특별시 중구 칠패로 27, 1층 (순화동)"
"2095","02-758-8209"
"2096","대한극장"
"2097","37.56105065"
"2098","126.9952735"
"2099","서울특별시 중구 퇴계로 212 (필동 2가)"
"2100","02-758-8030"
"2101","소공동"
"2102","37.564448"
"2103","126.979157"
"2104","서울특별시 중구 소공로 112 (소공동)"
"2105","02-758-8140"
"2106","무교동"
"2107","37.56781712"
"2108","126.978738"
"2109","서울특별시 중구 무교로 21 (무교동) 코오롱빌딩 1층"
"2110","02-758-8037"
"2111","문화일보"
"2112","37.56712291"
"2113","126.9686642"
"2114","서울특별시 중구 새문안로 22 (충정로1가) 문화일보"
"2115","02-758-8047"
"2116","태평로"
"2117","37.56248285"
"2118","126.9767928"
"2119","서울특별시 중구 세종대로 72, 대영빌딩 1층 (태평로2가)"
"2120","02-758-8039"
"2121","퍼시픽타워"
"2122","37.56132157"
"2123","126.9730264"
"2124","서울특별시 중구 세종대로9길 41, 퍼시픽타워 1층 (서소문동)"
"2125","02-758-8079"
"2126","남산단암"
"2127","37.55853622"
"2128","126.9754585"
"2129","서울특별시 중구 소월로 10, 단암빌딩 (남대문로5가)"
"2130","02-758-8306"
"2131","황학캐슬"
"2132","37.57124"
"2133","127.022905"
"2134","서울특별시 중구 청계천로 400 (황학동) 롯데캐슬베네치아"
"2135","02-2048-5257"
"2136","서소문"
"2137","37.5633773"
"2138","126.97551290000001"
"2139","서울특별시 중구 서소문로 130 (서소문동)"
"2140","02-758-8181"
"2141","명동미래"
"2142","37.564064"
"2143","126.984487"
"2144","서울특별시 중구 명동 7길 8, 2층 (명동 1가)"
"2145","02-758-8318"
"2146","을지로삼화타워"
"2147","37.566902"
"2148","126.984707"
"2149","서울특별시 중구 을지로5길 16 삼화타워1층"
"2150","02-758-8483"
"2151","소공로"
"2152","37.5637273"
"2153","126.98076809999998"
"2154","서울특별시 중구 남대문로7길 19, 삼영빌딩 1층 일부 (소공동)"
"2155","02-758-8569"
"2156","서소문배재"
"2157","37.5628481"
"2158","126.97216639999999"
"2159","서울특별시 중구 서소문로 99 (서소문동)"
"2160","02-758-8409"
"2161","을지로한국빌딩"
"2162","37.565722"
"2163","126.98329"
"2164","서울특별시 중구 을지로 50, 1층 (을지로 2가)"
"2165","02-758-8385"
"2166","순화동에이스"
"2167","37.563528"
"2168","126.969144"
"2169","서울특별시 중구 통일로 92 (순화동) KG타워"
"2170","02-758-8372"
"2171","시청"
"2172","37.566290"
"2173","126.979808"
"2174","서울특별시 중구 을지로 19, 삼성화재삼성빌딩 1층 (을지로1가)"
"2175","02-758-8504"
"2176","시청플러스"
"2177","37.566338"
"2178","126.980055"
"2179","서울특별시 중구 을지로 19, 삼성화재삼성빌딩 1층 (을지로1가)"
"2180","02-758-8505"
"2181","충무로역"
"2182","37.561499"
"2183","126.993864"
"2184","서울특별시 중구 퇴계로 197, 충무빌딩 1층 (필동 2가)"
"2185","02-758-8395"
"2186","명동역"
"2187","37.560832"
"2188","126.983095"
"2189","서울특별시 중구 퇴계로 101, 건물 전체 (충무로 1가)"
"2190","02-758-8562"
"2191","남산스테이트"
"2192","37.560205"
"2193","126.982791"
"2194","서울특별시 중구 퇴계로 100 (회현동2가)"
"2195","02-758-8539"
"2196","명동입구"
"2197","37.563319"
"2198","126.982242"
"2199","서울특별시 중구 남대문로 68-1 (명동2가)"
"2200","02-758-8506"
"2201","명일역"
"2202","37.552580"
"2203","127.143799"
"2204","서울특별시 강동구 양재대로 1647 (명일동)"
"2205","02-427-3681"
"2206","강동구청DT"
"2207","37.529437"
"2208","127.123835"
"2209","서울특별시 강동구 성내로 32 (성내동)"
"2210","02-489-3652"
"2211","강동암사DT"
"2212","37.555054"
"2213","127.130065"
"2214","서울특별시 강동구 고덕로 43 (암사동)"
"2215","02-426-3583"
"2216","강동역"
"2217","37.536047"
"2218","127.133086"
"2219","서울특별시 강동구 천호대로 1089 (천호동, 강동 헤르셔)"
"2220","02-477-3319"
"2221","둔촌동"
"2222","37.522724"
"2223","127.133943"
"2224","서울특별시 강동구 양재대로 1303 (성내동) 평원빌딩"
"2225","02-478-3240"
"2226","천호로데오"
"2227","37.5378069"
"2228","127.12730940000006"
"2229","서울특별시 강동구 천호대로 1037 (천호동)"
"2230","02-758-8923"
"2231","천호이마트"
"2232","37.538933"
"2233","127.125214"
"2234","서울특별시 강동구 천호대로 1015-14 (천호동) 이마트별관"
"2235","02-758-8732"
"2236","길동역"
"2237","37.5387433"
"2238","127.1399879"
"2239","서울특별시 강동구 양재대로 1487 (길동)"
"2240","02-758-8776"
"2241","상일동"
"2242","37.550072"
"2243","127.174258"
"2244","서울특별시 강동구 상일로10길 36, 1~2층 (상일동)"
"2245","02-758-8670"
"2246","올림픽공원북문"
"2247","37.525403"
"2248","127.125932"
"2249","서울특별시 강동구 강동대로 171 (성내동)"
"2250","02-758-8761"
"2251","천호역"
"2252","37.53795191"
"2253","127.1245793"
"2254","서울특별시 강동구 천호대로 1012, 태승빌딩 (성내동)"
"2255","02-758-8296"
"2256","명일이마트"
"2257","37.553991"
"2258","127.155984"
"2259","서울특별시 강동구 동남로75길 5 (명일동) 명일이마트별관주차장"
"2260","02-758-8752"
"2261","길동사거리"
"2262","37.5346536"
"2263","127.13839510000002"
"2264","서울특별시 강동구 양재대로 1441, 1층 (길동)"
"2265","02-758-8342"
"2266","신도림"
"2267","37.505517"
"2268","126.883953"
"2269","서울특별시 구로구 경인로 610 (신도림동)"
"2270","02-2635-3516"
"2271","구로디지털타워"
"2272","37.483432"
"2273","126.896480"
"2274","서울특별시 구로구 디지털로32길 30 (구로동)"
"2275","02-2103-5088"
"2276","오류동역"
"2277","37.4962155"
"2278","126.8448614"
"2279","서울특별시 구로구 경인로 216 (오류동)"
"2280","02-758-8775"
"2281","구로디지털로"
"2282","37.485911"
"2283","126.895587"
"2284","서울특별시 구로구 디지털로33길 11, 에이스테크노8차 1층 (구로동)"
"2285","02-758-8655"
"2286","신세계아이앤씨"
"2287","37.48587904"
"2288","126.8916127"
"2289","서울특별시 구로구 디지털로31길 61, 신세계디지털센터 101호 (구로동)"
"2290","02-758-8092"
"2291","구로에이스"
"2292","37.48448329"
"2293","126.8944957"
"2294","서울특별시 구로구 디지털로 285, 에이스트윈타워1차 103호 (구로동)"
"2295","02-758-8161"
"2296","구로하이엔드"
"2297","37.481618"
"2298","126.893136"
"2299","서울특별시 구로구 디지털로26길 5, 에이스하이엔드타워1차 103호 (구로동)"
"2300","02-758-8340"
"2301","현대디큐브2F"
"2302","37.508636"
"2303","126.889225"
"2304","서울특별시 구로구 경인로 662 (신도림동)"
"2305","02-2210-9237"
"2306","구로호텔"
"2307","37.4831293"
"2308","126.89885909999998"
"2309","서울특별시 구로구 디지털로32길 72, 구로호텔 1층 (구로동)"
"2310","02-758-8555"
"2311","현대디큐브B2"
"2312","37.508828"
"2313","126.889488"
"2314","서울특별시 구로구 경인로 662 (신도림동)"
"2315","02-2210-9797"
"2316","답십리역"
"2317","37.568466"
"2318","127.051106"
"2319","서울특별시 동대문구 천호대로 263 (답십리동)"
"2320","02-2245-3417"
"2321","경희대삼거리"
"2322","37.591531"
"2323","127.052017"
"2324","서울특별시 동대문구 회기로 141 (회기동)"
"2325","02-959-3391"
"2326","외대정문"
"2327","37.5953464"
"2328","127.0590302"
"2329","서울특별시 동대문구 이문로 93 (이문동)"
"2330","02-965-3373"
"2331","신설동역"
"2332","37.5767228"
"2333","127.0255446"
"2334","서울특별시 동대문구 왕산로 19 (신설동)"
"2335","02-758-8942"
"2336","회기역사거리"
"2337","37.590784"
"2338","127.056098"
"2339","서울특별시 동대문구 이문로 37 (회기동)"
"2340","02-758-8767"
"2341","외대"
"2342","37.59575188"
"2343","127.0614002"
"2344","서울특별시 동대문구 휘경로 12-1 (이문동)"
"2345","02-758-8132"
"2346","장한평역"
"2347","37.562337"
"2348","127.065511"
"2349","서울특별시 동대문구 장한로 10 (장안동)"
"2350","02-758-8475"
"2351","경희대"
"2352","37.5928812"
"2353","127.05280849999997"
"2354","서울특별시 동대문구 경희대로 16-1 (회기동)"
"2355","02-758-8351"
"2356","뚝섬역"
"2357","37.546432"
"2358","127.049042"
"2359","서울특별시 성동구 아차산로 42 (성수동1가)"
"2360","02-469-3488"
"2361","황학사거리"
"2362","37.567644"
"2363","127.023697"
"2364","서울특별시 성동구 왕십리로 410 (하왕십리동, 센트라스)"
"2365","02-2294-3409"
"2366","성수역"
"2367","37.543193"
"2368","127.056943"
"2369","서울특별시 성동구 성수이로 94 (성수동2가)"
"2370","02-469-3460"
"2371","상왕십리역"
"2372","37.565169"
"2373","127.027907"
"2374","서울특별시 성동구 왕십리로 382 (하왕십리동)"
"2375","02-2294-3342"
"2376","왕십리역"
"2377","37.5627541"
"2378","127.0339072"
"2379","서울특별시 성동구 왕십리로 326 (도선동)"
"2380","02-758-8900"
"2381","엔터식스한양대"
"2382","37.5570379"
"2383","127.04002"
"2384","서울특별시 성동구 행당동 왕십리로 241 B1층"
"2385","02-758-8846"
"2386","한양대"
"2387","37.55726984"
"2388","127.0421649"
"2389","서울특별시 성동구 왕십리로 225 (행당동)"
"2390","02-758-8015"
"2391","엔터식스"
"2392","37.56175811"
"2393","127.0383328"
"2394","서울특별시 성동구 왕십리광장로 17 (행당동)"
"2395","02-2200-6250"
"2396","성수이마트"
"2397","37.5396996"
"2398","127.0530083"
"2399","서울특별시 성동구 뚝섬로 379 (성수동2가) 이마트 성수점"
"2400","02-758-8282"
"2401","이태원역"
"2402","37.534273"
"2403","126.994789"
"2404","서울특별시 용산구 이태원로 188 (이태원동)"
"2405","02-798-9780"
"2406","한강진역R"
"2407","37.537131"
"2408","127.000980"
"2409","서울특별시 용산구 이태원로 252 (한남동)"
"2410","02-797-3556"
"2411","용산역써밋R"
"2412","37.527586"
"2413","126.965401"
"2414","서울특별시 용산구 한강대로 69 (한강로2가, 용산푸르지오써밋)"
"2415","02-749-3550"
"2416","이촌"
"2417","37.518605"
"2418","126.977271"
"2419","서울특별시 용산구 이촌로 276 (이촌동)"
"2420","02-3785-3518"
"2421","신용산역"
"2422","37.528702"
"2423","126.966757"
"2424","서울특별시 용산구 한강대로 95 (한강로2가, 래미안용산)"
"2425","02-794-3487"
"2426","용산파크타워"
"2427","37.523818"
"2428","126.970389"
"2429","서울특별시 용산구 서빙고로 67 (용산동5가, 파크타워)"
"2430","02-3785-3386"
"2431","남영동"
"2432","37.542831"
"2433","126.972242"
"2434","서울특별시 용산구 한강대로 275 (갈월동)"
"2435","02-3275-3320"
"2436","한남동R"
"2437","37.534850"
"2438","127.010919"
"2439","서울특별시 용산구 독서당로 94 (한남동)"
"2440","070-7831-9088"
"2441","서울타워"
"2442","37.551102"
"2443","126.988317"
"2444","서울특별시 용산구 남산공원길 105 (용산동2가) YTN서울타워 1층"
"2445","02-319-3246"
"2446","서울역동자동"
"2447","37.551752"
"2448","126.972694"
"2449","서울특별시 용산구 한강대로 372 (동자동)"
"2450","02-758-8734"
"2451","이태원거리"
"2452","37.534988"
"2453","126.99756"
"2454","서울특별시 용산구 이태원로 213, 1,2층 (한남동)"
"2455","02-758-8622"
"2456","순천향입구"
"2457","37.533394"
"2458","127.00563"
"2459","서울특별시 용산구 대사관로 67 (한남동)"
"2460","02-758-8600"
"2461","숙대"
"2462","37.54460479"
"2463","126.9672252"
"2464","서울특별시 용산구 청파로47길 57 (청파동3가)"
"2465","02-758-8191"
"2466","동빙고"
"2467","37.5289857"
"2468","126.991782"
"2469","서울특별시 용산구 장문로 12 (동빙고동)"
"2470","02-798-8262"
"2471","숙대입구역"
"2472","37.544118"
"2473","126.971891"
"2474","서울특별시 용산구 한강대로 291 (갈월동)"
"2475","02-758-8377"
"2476","용산아이파크몰"
"2477","37.5288539"
"2478","126.96404469999993"
"2479","서울특별시 용산구 한강대로23길 55"
"2480","02-2012-2907"
"2481","동부이촌동"
"2482","37.52111"
"2483","126.96905"
"2484","서울특별시 용산구 이촌로 198 (이촌동)"
"2485","02-758-8368"
"2486","상봉"
"2487","37.597842"
"2488","127.092509"
"2489","서울특별시 중랑구 상봉로 131 (상봉동, 상봉 듀오트리스 주상복합)"
"2490","02-438-5223"
"2491","중랑역"
"2492","37.5930326"
"2493","127.07473579999998"
"2494","서울특별시 중랑구 망우로30길 3 (상봉동)"
"2495","02-758-8935"
"2496","중랑구청"
"2497","37.60538908"
"2498","127.0957558"
"2499","서울특별시 중랑구 신내로 72"
"2500","02-758-8887"
"2501","사가정역"
"2502","37.579594"
"2503","127.087966"
"2504","서울특별시 중랑구 면목로 310"
"2505","02-758-8823"
"2506","상봉역"
"2507","37.59689"
"2508","127.08647"
"2509","서울특별시 중랑구 망우로 307, ,3,4번지 (상봉동)"
"2510","02-758-8486"
"2511","묵동이마트"
"2512","37.613433"
"2513","127.077484"
"2514","서울특별시 중랑구 동일로 932, 묵동이마트 B1층 (묵동)"
"2515","02-758-8370"
